session,person_id,index_count,filtered_count,status
38-1,33,1,1,match
39-1,33,1,1,match
39-2,33,1,1,match
39-1,35,1,1,match
39-2,35,1,1,match
39-1,43,2,2,match
39-2,43,2,2,match
40-1,43,1,1,match
40-2,43,1,1,match
40-3,43,1,1,match
41-2,43,1,1,match
42-1,43,1,1,match
38-1,51,2,2,match
40-2,51,1,1,match
42-1,51,1,1,match
39-1,59,1,1,match
39-2,59,1,1,match
38-1,66,4,4,match
39-1,66,5,5,match
39-2,66,8,8,match
42-1,74,20,20,match
38-1,82,12,12,match
39-1,82,2,2,match
39-2,82,2,2,match
40-3,82,1,1,match
41-1,82,2,2,match
41-2,82,12,12,match
38-1,88,21,21,match
39-1,88,32,32,match
39-2,88,35,35,match
40-1,88,22,22,match
40-2,88,24,24,match
40-3,88,27,27,match
41-1,88,27,27,match
41-2,88,29,29,match
38-1,91,1,1,match
38-1,103,12,12,match
39-1,103,9,9,match
39-2,103,13,13,match
40-1,103,5,5,match
40-2,103,5,5,match
40-3,103,6,6,match
41-1,103,2,2,match
41-2,103,2,2,match
40-2,114,1,1,match
38-1,119,5,5,match
39-1,119,1,1,match
39-2,119,1,1,match
39-1,124,2,2,match
39-2,124,2,2,match
38-1,181,1,1,match
39-2,181,1,1,match
40-3,181,1,1,match
39-2,192,1,1,match
41-1,192,1,1,match
38-1,198,1,1,match
42-1,198,1,1,match
38-1,202,1,1,match
38-1,212,4,2,documented_index_overcount
38-1,218,5,1,documented_index_overcount
40-2,218,5,1,documented_index_overcount
40-3,218,3,1,documented_index_overcount
41-1,232,2,2,match
41-2,232,4,4,match
42-1,232,5,5,match
39-2,238,1,1,match
39-1,259,20,1,documented_index_overcount
39-2,259,19,1,documented_index_overcount
38-1,281,1,1,match
39-1,281,1,1,match
39-2,281,1,1,match
40-2,281,1,1,match
39-1,289,3,3,match
39-2,289,5,5,match
40-2,289,7,7,match
40-3,289,10,10,match
38-1,306,1,1,match
39-1,306,1,1,match
39-2,306,1,1,match
38-1,308,1,1,match
40-2,308,1,1,match
41-1,318,2,2,match
41-2,318,2,2,match
39-2,328,1,1,match
40-2,328,3,3,match
40-3,328,3,3,match
38-1,338,4,4,match
39-1,338,2,2,match
39-2,338,3,3,match
38-1,362,1,1,match
39-2,362,1,1,match
40-2,362,1,1,match
40-3,362,1,1,match
42-1,376,1,1,match
44-1,376,1,1,match
38-1,381,2,2,match
39-1,399,2,2,match
39-2,399,2,2,match
40-2,399,3,3,match
40-3,399,3,3,match
38-1,409,1,1,match
41-2,413,1,1,match
42-1,413,1,1,match
43-1,413,1,1,match
43-2,413,1,1,match
44-1,413,1,1,match
39-1,427,1,1,match
39-2,427,1,1,match
40-2,427,1,1,match
40-3,427,1,1,match
39-2,439,1,1,match
38-1,460,2,2,match
41-2,460,1,1,match
39-1,517,1,1,match
39-2,517,4,4,match
39-1,528,1,1,match
39-2,528,1,1,match
39-1,542,1,1,match
39-2,542,1,1,match
38-1,554,1,1,match
39-1,554,2,2,match
39-2,554,2,2,match
39-2,589,1,1,match
38-1,608,4,4,match
39-2,608,1,1,match
40-3,608,2,2,match
38-1,620,1,1,match
39-1,620,2,2,match
39-2,620,2,2,match
39-1,642,1,1,match
39-2,642,1,1,match
38-1,659,1,1,match
39-1,681,1,1,match
39-2,681,1,1,match
40-2,681,3,3,match
40-3,681,5,5,match
41-1,681,1,1,match
41-2,681,1,1,match
39-1,683,6,6,match
39-2,683,6,6,match
40-1,683,1,1,match
40-2,683,8,8,match
40-3,683,12,12,match
41-1,683,13,13,match
41-2,683,14,14,match
38-1,695,2,2,match
39-1,695,7,7,match
39-2,695,7,7,match
40-1,695,3,3,match
40-2,695,6,6,match
40-3,695,8,8,match
41-1,695,4,4,match
41-2,695,4,4,match
39-1,705,1,1,match
39-2,705,1,1,match
39-2,724,1,1,match
39-2,732,1,1,match
39-1,764,1,1,match
39-2,764,2,2,match
40-2,764,3,3,match
40-3,764,5,5,match
41-1,764,13,13,match
41-2,764,13,13,match
42-1,764,9,9,match
38-1,789,1,1,match
39-1,789,1,1,match
39-2,789,1,1,match
40-1,789,1,1,match
40-2,789,2,2,match
40-3,789,2,2,match
38-1,799,3,3,match
39-1,799,2,2,match
39-2,799,2,2,match
40-3,799,1,1,match
39-1,820,12,12,match
39-2,820,7,7,match
40-2,820,13,13,match
40-3,820,12,12,match
41-1,820,9,9,match
42-1,820,1,1,match
38-1,823,2,2,match
40-2,843,1,1,match
40-3,843,2,2,match
38-1,858,1,1,match
39-1,858,2,2,match
39-2,858,2,2,match
40-2,858,2,2,match
40-3,858,3,3,match
41-1,858,2,2,match
38-1,873,3,3,match
39-1,873,1,1,match
39-2,873,1,1,match
40-2,873,1,1,match
40-3,873,2,2,match
41-2,873,1,1,match
42-1,873,1,1,match
38-1,880,1,1,match
41-1,891,1,1,match
41-2,891,1,1,match
38-1,905,3,3,match
40-2,913,1,1,match
40-3,913,1,1,match
39-1,921,3,3,match
39-2,921,3,3,match
40-2,921,1,1,match
40-3,921,2,2,match
38-1,936,1,1,match
39-2,946,1,1,match
40-2,946,1,1,match
40-3,946,1,1,match
39-1,957,1,1,match
39-2,957,1,1,match
40-2,957,1,1,match
40-3,957,1,1,match
41-1,957,1,1,match
41-2,957,2,2,match
42-1,957,1,1,match
39-1,963,1,1,match
39-2,963,1,1,match
40-2,963,1,1,match
40-3,963,1,1,match
38-1,971,1,1,match
39-1,971,1,1,match
39-1,992,1,1,match
39-2,992,1,1,match
40-3,992,1,1,match
41-1,992,1,1,match
41-2,992,1,1,match
42-1,992,3,3,match
38-1,1004,1,1,match
39-1,1013,1,1,match
38-1,1072,2,2,match
38-1,1086,1,1,match
38-1,1099,1,1,match
39-1,1099,2,2,match
39-2,1099,2,2,match
40-3,1103,1,1,match
42-1,1103,2,2,match
38-1,1137,2,2,match
38-1,1144,5,5,match
39-1,1144,3,3,match
39-2,1144,2,2,match
38-1,1170,7,7,match
39-1,1170,6,6,match
39-2,1170,11,11,match
40-2,1170,10,10,match
40-3,1170,10,10,match
38-1,1174,24,24,match
39-1,1174,20,20,match
39-2,1174,24,24,match
40-1,1174,6,6,match
40-2,1174,20,20,match
40-3,1174,22,22,match
41-1,1174,6,6,match
41-2,1174,7,7,match
38-1,1180,7,7,match
38-1,1209,1,1,match
39-1,1209,1,1,match
39-2,1209,5,5,match
40-2,1209,2,2,match
40-3,1209,1,1,match
41-1,1209,1,1,match
41-2,1209,3,3,match
38-1,1262,2,2,match
39-2,1262,1,1,match
40-2,1262,1,1,match
40-3,1262,1,1,match
41-2,1262,1,1,match
38-1,1265,9,9,match
40-3,1265,2,2,match
41-1,1265,2,2,match
41-2,1265,2,2,match
42-1,1265,10,10,match
38-1,1268,2,2,match
39-1,1268,1,1,match
39-2,1268,1,1,match
40-2,1268,1,1,match
41-2,1268,1,1,match
38-1,1272,12,12,match
42-1,1287,1,1,match
38-1,1289,4,4,match
39-1,1289,1,1,match
39-2,1289,1,1,match
38-1,1295,1,1,match
39-2,1295,1,1,match
40-1,1295,1,1,match
40-2,1295,1,1,match
40-2,1302,1,1,match
40-3,1302,4,4,match
41-1,1302,2,2,match
41-2,1302,1,1,match
41-2,1313,1,1,match
38-1,1347,1,1,match
38-1,1355,6,6,match
38-1,1362,3,3,match
39-1,1362,1,1,match
39-2,1362,2,2,match
38-1,1365,4,4,match
39-1,1365,1,1,match
38-1,1370,2,2,match
39-1,1370,1,1,match
39-1,1384,1,1,match
39-1,1398,1,1,match
39-2,1398,1,1,match
38-1,1406,7,7,match
39-1,1406,3,3,match
39-2,1406,3,3,match
41-1,1415,3,3,match
41-2,1415,3,3,match
42-1,1415,5,5,match
43-1,1415,2,2,match
43-2,1415,3,3,match
44-1,1415,3,3,match
45-1,1422,1,1,match
39-2,1425,1,1,match
39-1,1441,1,1,match
39-2,1441,2,2,match
40-2,1441,2,2,match
40-3,1441,2,2,match
39-1,1450,1,1,match
39-2,1450,6,6,match
40-1,1450,1,1,match
40-2,1450,6,6,match
40-3,1450,5,5,match
38-1,1461,1,1,match
38-1,1463,1,1,match
38-1,1474,1,1,match
39-1,1488,3,3,match
39-2,1488,7,7,match
40-2,1488,7,7,match
38-1,1490,1,1,match
38-1,1525,1,1,match
40-2,1525,1,1,match
40-3,1525,1,1,match
41-1,1525,1,1,match
38-1,1530,5,5,match
39-1,1530,2,2,match
39-2,1530,2,2,match
38-1,1547,3,3,match
39-1,1547,1,1,match
39-2,1547,3,3,match
38-1,1565,2,2,match
38-1,1573,3,3,match
39-1,1589,1,1,match
39-2,1589,1,1,match
40-2,1589,2,2,match
40-3,1589,2,2,match
41-1,1589,5,5,match
41-2,1589,5,5,match
44-1,1589,1,1,match
38-1,1592,5,5,match
39-1,1592,3,3,match
39-2,1592,5,5,match
40-2,1592,7,7,match
40-3,1592,9,9,match
38-1,1598,1,1,match
39-2,1598,1,1,match
40-2,1598,2,2,match
40-3,1598,7,7,match
41-1,1598,7,7,match
41-2,1598,7,7,match
38-1,1604,1,1,match
40-3,1604,1,1,match
41-1,1604,2,2,match
38-1,1645,3,3,match
38-1,1655,1,1,match
39-1,1733,1,1,match
39-2,1733,1,1,match
40-1,1733,1,1,match
40-2,1733,1,1,match
40-3,1733,1,1,match
41-1,1733,1,1,match
41-2,1733,1,1,match
38-1,1760,1,1,match
39-1,1760,1,1,match
39-2,1760,2,2,match
40-2,1760,2,2,match
40-3,1760,2,2,match
41-1,1760,1,1,match
41-2,1760,1,1,match
40-2,1784,1,1,match
40-3,1784,1,1,match
38-1,1785,15,15,match
39-2,1785,1,1,match
40-1,1785,1,1,match
40-2,1785,4,4,match
40-3,1785,5,5,match
41-1,1785,3,3,match
41-2,1785,10,10,match
40-3,1787,2,2,match
41-1,1787,1,1,match
41-2,1787,1,1,match
42-1,1787,1,1,match
44-1,1787,1,1,match
38-1,1790,1,1,match
39-1,1790,1,1,match
39-2,1790,1,1,match
38-1,1792,2,2,match
39-1,1792,2,2,match
39-2,1792,3,3,match
40-1,1792,1,1,match
40-2,1792,4,4,match
40-3,1792,6,6,match
38-1,1795,1,1,match
42-1,1795,1,1,match
39-2,1796,2,2,match
40-2,1796,2,2,match
40-3,1796,3,3,match
42-1,1796,1,1,match
38-1,1798,1,1,match
38-1,1799,1,1,match
39-1,1799,1,1,match
39-2,1799,1,1,match
39-1,1803,1,1,match
39-2,1803,2,2,match
40-2,1803,2,2,match
40-3,1803,4,4,match
41-1,1803,3,3,match
41-2,1803,1,1,match
38-1,1804,1,1,match
39-1,1806,1,1,match
40-3,1806,1,1,match
39-1,1808,1,1,match
38-1,1809,2,2,match
41-1,1809,1,1,match
41-2,1809,2,2,match
42-1,1809,1,1,match
43-1,1809,1,1,match
43-2,1809,1,1,match
38-1,1810,1,1,match
40-2,1811,1,1,match
40-3,1811,1,1,match
41-1,1813,1,1,match
42-1,1813,3,3,match
43-2,1813,1,1,match
44-1,1813,5,5,match
45-1,1813,1,1,match
39-1,1814,1,1,match
39-2,1814,1,1,match
41-1,1814,1,1,match
41-2,1814,1,1,match
41-2,1817,1,1,match
38-1,1818,2,2,match
39-1,1818,1,1,match
39-2,1818,1,1,match
38-1,1819,4,4,match
40-3,1819,1,1,match
41-1,1819,1,1,match
41-2,1819,3,3,match
39-1,1820,1,1,match
39-2,1820,1,1,match
40-2,1820,2,2,match
40-3,1820,2,2,match
39-1,1821,1,1,match
39-2,1821,2,2,match
40-1,1821,3,3,match
40-2,1821,4,4,match
40-3,1821,5,5,match
39-1,1823,2,2,match
39-2,1823,1,1,match
38-1,1824,1,1,match
39-2,1824,2,2,match
40-2,1824,1,1,match
39-1,1826,1,1,match
39-2,1826,1,1,match
38-1,1827,2,2,match
41-2,1827,1,1,match
38-1,1828,1,1,match
38-1,1831,1,1,match
38-1,1832,4,4,match
42-1,1832,1,1,match
39-1,1836,6,6,match
39-2,1836,5,5,match
40-2,1836,6,6,match
40-3,1836,9,9,match
41-1,1836,5,5,match
40-3,1837,1,1,match
39-2,1839,1,1,match
40-1,1839,1,1,match
40-2,1839,1,1,match
38-1,1841,2,2,match
39-2,1841,1,1,match
38-1,1842,1,1,match
41-1,1846,1,1,match
41-2,1846,1,1,match
42-1,1846,1,1,match
44-1,1846,2,2,match
41-1,1852,1,1,match
38-1,1853,1,1,match
39-1,1853,1,1,match
39-2,1853,1,1,match
38-1,1860,1,1,match
39-1,1860,1,1,match
41-1,1860,1,1,match
38-1,1861,1,1,match
39-1,1861,6,6,match
39-2,1861,4,4,match
40-1,1861,2,2,match
40-2,1861,8,8,match
40-3,1861,13,13,match
41-1,1861,17,17,match
41-1,1863,1,1,match
38-1,1868,2,2,match
39-2,1869,1,1,match
40-2,1869,3,3,match
40-3,1869,3,3,match
41-1,1869,1,1,match
38-1,1875,5,5,match
41-2,1875,1,1,match
42-1,1875,1,1,match
38-1,1877,1,1,match
39-2,1877,1,1,match
40-1,1877,1,1,match
40-2,1877,1,1,match
41-1,1877,1,1,match
41-2,1877,3,3,match
42-1,1877,4,4,match
38-1,1881,1,1,match
39-1,1881,1,1,match
39-2,1881,2,2,match
40-2,1881,3,3,match
40-3,1881,4,4,match
41-1,1881,2,2,match
41-2,1881,5,5,match
42-1,1881,6,6,match
38-1,1885,3,3,match
39-1,1885,5,5,match
39-2,1885,8,8,match
40-1,1885,7,7,match
40-2,1885,8,8,match
38-1,1897,3,3,match
38-1,1898,1,1,match
42-1,2374,1,1,match
43-2,2374,2,2,match
44-1,2374,5,5,match
41-1,2897,6,6,match
41-2,2897,8,8,match
42-1,2897,5,5,match
43-2,2897,2,2,match
44-1,2897,4,4,match
45-1,2897,1,1,match
40-3,2950,1,1,match
41-2,2950,1,1,match
39-1,3242,3,3,match
39-2,3242,3,3,match
41-1,3242,2,2,match
41-2,3242,4,4,match
43-2,3306,1,1,match
44-1,3306,1,1,match
45-1,3306,1,1,match
38-1,3835,1,1,match
39-1,3835,1,1,match
39-2,3835,1,1,match
40-2,3835,1,1,match
41-2,4255,1,1,match
42-1,4486,6,6,match
45-1,4486,1,1,match
43-2,4916,1,1,match
44-1,4916,1,1,match
38-1,6974,7,7,match
39-1,6974,1,1,match
39-2,6974,1,1,match
44-1,7056,1,1,match
43-1,7251,1,1,match
43-2,7251,1,1,match
41-1,8698,1,1,match
38-1,9134,2,2,match
38-1,9135,6,6,match
39-1,9135,4,4,match
39-2,9135,4,4,match
40-2,9135,2,2,match
40-3,9135,2,2,match
41-1,9135,1,1,match
41-2,9135,1,1,match
39-2,9136,2,2,match
38-1,9137,1,1,match
39-1,9137,2,2,match
39-2,9137,4,4,match
40-2,9137,4,4,match
40-3,9137,4,4,match
41-1,9137,4,4,match
41-2,9137,6,6,match
42-1,9137,6,6,match
43-1,9137,1,1,match
43-2,9137,5,5,match
44-1,9137,4,4,match
39-1,9342,1,1,match
39-2,9486,1,1,match
40-2,9486,1,1,match
40-3,9486,1,1,match
41-2,9486,1,1,match
44-1,9486,1,1,match
45-1,9486,1,1,match
39-1,9569,1,1,match
39-2,9569,1,1,match
40-2,9569,1,1,match
38-1,9571,1,1,match
38-1,9573,2,2,match
39-1,10016,1,1,match
39-2,10016,1,1,match
40-1,10016,1,1,match
40-2,10016,2,2,match
41-2,10016,1,1,match
42-1,10016,2,2,match
43-1,10016,2,2,match
42-1,10310,2,2,match
43-1,10310,2,2,match
43-2,10310,2,2,match
44-1,10310,3,3,match
45-1,10310,4,4,match
39-1,10432,1,1,match
39-2,10432,1,1,match
40-3,10432,1,1,match
44-1,10440,2,2,match
45-1,10440,2,2,match
40-2,10524,1,1,match
40-3,10524,1,1,match
41-1,10524,2,2,match
41-2,10524,2,2,match
42-1,10524,4,4,match
40-2,12689,1,1,match
40-3,12689,1,1,match
38-1,12690,1,1,match
40-3,12690,1,1,match
41-1,12690,1,1,match
41-2,12690,1,1,match
42-1,12690,1,1,match
43-1,12690,2,2,match
38-1,12739,2,2,match
38-1,13038,1,1,match
39-1,13038,1,1,match
39-2,13038,1,1,match
40-3,13038,1,1,match
41-1,13038,1,1,match
41-2,13038,1,1,match
42-1,13038,1,1,match
43-1,13038,1,1,match
43-2,13038,1,1,match
44-1,13038,1,1,match
43-2,14171,2,2,match
44-1,14171,3,3,match
42-1,14839,1,1,match
44-1,15222,1,1,match
45-1,15222,1,1,match
39-1,15975,2,2,match
39-2,15975,3,3,match
40-2,15975,1,1,match
40-3,15975,4,4,match
41-1,15975,12,12,match
41-2,15975,11,11,match
42-1,15975,1,1,match
39-1,16296,2,2,match
39-2,16296,2,2,match
38-1,16399,1,1,match
39-1,16399,3,3,match
39-2,16399,7,7,match
40-2,16399,14,14,match
40-3,16399,18,18,match
41-1,16399,11,11,match
41-2,16399,11,11,match
42-1,16399,9,9,match
43-1,16399,1,1,match
43-2,16399,4,4,match
44-1,16399,7,7,match
43-1,17056,1,1,match
43-2,17056,1,1,match
44-1,17056,2,2,match
38-1,17210,1,1,match
40-3,17210,1,1,match
44-1,17210,1,1,match
41-1,17249,1,1,match
41-2,17249,1,1,match
42-1,17249,3,3,match
43-2,17411,1,1,match
39-1,18766,1,1,match
39-2,18766,1,1,match
40-2,18766,1,1,match
40-3,18766,1,1,match
38-1,19425,1,1,match
42-1,19501,1,1,match
38-1,19994,1,1,match
39-1,20816,1,1,match
39-2,20816,1,1,match
40-2,20816,7,7,match
40-3,20816,14,14,match
41-1,20816,3,3,match
41-2,20816,4,4,match
43-1,20868,1,1,match
43-2,20868,1,1,match
44-1,20868,2,2,match
45-1,20868,2,2,match
44-1,20878,1,1,match
44-1,23145,1,1,match
45-1,23145,2,2,match
39-1,23655,7,7,match
39-2,23655,7,7,match
40-3,23655,2,2,match
38-1,23897,2,2,match
41-1,23897,2,2,match
41-2,23897,1,1,match
42-1,23915,2,2,match
42-1,24457,1,1,match
38-1,24704,10,10,match
39-1,24704,2,2,match
38-1,25431,2,2,match
39-1,25431,1,1,match
39-2,25431,3,3,match
40-1,25431,3,3,match
40-2,25431,3,3,match
40-3,25431,1,1,match
39-1,25432,1,1,match
39-2,25432,1,1,match
38-1,25446,1,1,match
39-1,25446,1,1,match
39-2,25446,1,1,match
44-1,25446,2,2,match
40-2,25447,1,1,match
41-2,25447,3,3,match
42-1,25447,1,1,match
38-1,25448,2,2,match
41-2,25448,1,1,match
39-1,25449,1,1,match
39-2,25449,1,1,match
39-1,25451,1,1,match
42-1,25451,2,2,match
44-1,25451,2,2,match
39-2,25452,1,1,match
40-2,25452,1,1,match
40-3,25452,1,1,match
39-1,25453,1,1,match
39-2,25453,3,3,match
40-1,25453,1,1,match
40-2,25453,1,1,match
40-3,25453,2,2,match
41-1,25453,1,1,match
41-2,25453,2,2,match
42-1,25453,1,1,match
44-1,25453,1,1,match
39-1,25454,1,1,match
39-2,25454,1,1,match
42-1,25454,1,1,match
43-2,25454,1,1,match
44-1,25454,1,1,match
38-1,25455,1,1,match
39-1,25455,8,8,match
39-2,25455,12,12,match
40-2,25455,6,6,match
40-3,25455,8,8,match
38-1,25456,1,1,match
40-2,25456,2,2,match
40-3,25456,5,5,match
41-1,25456,7,7,match
41-2,25456,8,8,match
38-1,25457,1,1,match
39-1,25457,3,3,match
39-2,25457,4,4,match
39-1,25459,1,1,match
39-2,25459,1,1,match
39-1,25460,1,1,match
39-2,25460,1,1,match
38-1,25461,2,2,match
39-1,25461,2,2,match
39-2,25461,2,2,match
40-2,25461,2,2,match
40-3,25461,4,4,match
41-1,25461,4,4,match
41-2,25461,4,4,match
42-1,25461,3,3,match
40-2,25462,1,1,match
40-3,25462,1,1,match
41-1,25462,1,1,match
41-2,25462,1,1,match
42-1,25462,1,1,match
39-1,25463,1,1,match
39-2,25463,1,1,match
40-2,25463,1,1,match
40-3,25463,2,2,match
41-1,25463,1,1,match
39-2,25464,1,1,match
38-1,25465,1,1,match
39-1,25465,5,5,match
39-2,25465,7,7,match
40-2,25465,8,8,match
40-3,25465,3,3,match
41-2,25465,1,1,match
42-1,25465,2,2,match
38-1,25466,1,1,match
40-2,25466,1,1,match
40-3,25466,1,1,match
38-1,25467,4,4,match
41-1,25467,1,1,match
41-2,25467,2,2,match
42-1,25467,2,2,match
38-1,25468,2,2,match
39-1,25468,4,4,match
39-2,25468,5,5,match
40-2,25468,4,4,match
40-3,25468,5,5,match
39-2,25469,1,1,match
40-2,25469,2,2,match
40-3,25469,2,2,match
39-2,25470,1,1,match
40-2,25470,2,2,match
40-3,25470,4,4,match
44-1,25470,2,2,match
39-1,25471,1,1,match
39-2,25471,2,2,match
40-3,25471,1,1,match
42-1,25471,3,3,match
43-2,25471,1,1,match
39-2,25472,1,1,match
39-1,25473,1,1,match
39-2,25473,1,1,match
38-1,25474,1,1,match
39-1,25474,1,1,match
39-2,25474,1,1,match
40-2,25474,1,1,match
40-3,25474,1,1,match
41-1,25474,2,2,match
41-2,25474,1,1,match
38-1,25475,2,2,match
39-1,25475,1,1,match
39-2,25475,1,1,match
40-3,25475,1,1,match
41-1,25475,3,3,match
41-2,25475,3,3,match
42-1,25475,2,2,match
44-1,25475,2,2,match
45-1,25475,1,1,match
39-1,25476,2,2,match
39-2,25476,2,2,match
41-1,25478,2,2,match
41-2,25478,2,2,match
39-2,25479,1,1,match
40-2,25479,1,1,match
40-3,25479,1,1,match
39-1,25480,1,1,match
39-2,25480,1,1,match
39-1,25481,1,1,match
39-2,25481,1,1,match
38-1,25483,1,1,match
39-1,25483,1,1,match
39-2,25483,2,2,match
40-2,25483,1,1,match
40-3,25483,1,1,match
41-1,25483,3,3,match
41-2,25483,2,2,match
42-1,25483,2,2,match
38-1,25484,1,1,match
38-1,25486,1,1,match
42-1,25486,1,1,match
44-1,25486,1,1,match
39-2,25487,1,1,match
40-3,25487,1,1,match
41-2,25488,2,2,match
38-1,25490,1,1,match
39-1,25492,1,1,match
39-2,25492,1,1,match
41-1,25492,4,4,match
41-2,25492,6,6,match
39-1,25493,1,1,match
39-2,25493,2,2,match
40-2,25493,3,3,match
40-3,25493,6,6,match
41-1,25493,1,1,match
41-2,25493,2,2,match
42-1,25493,3,3,match
39-1,25494,1,1,match
39-2,25494,2,2,match
40-2,25494,4,4,match
40-3,25494,4,4,match
39-1,25495,1,1,match
39-2,25495,1,1,match
40-3,25495,1,1,match
39-1,25496,1,1,match
39-2,25496,1,1,match
40-2,25496,2,2,match
40-3,25496,2,2,match
41-1,25497,1,1,match
41-2,25497,1,1,match
40-2,25498,1,1,match
40-3,25498,1,1,match
38-1,25499,4,4,match
40-2,25499,1,1,match
40-3,25499,1,1,match
39-1,25501,2,2,match
39-2,25501,2,2,match
40-2,25501,2,2,match
40-3,25501,3,3,match
41-1,25501,1,1,match
40-2,25502,2,2,match
40-3,25502,4,4,match
41-2,25502,2,2,match
38-1,25504,1,1,match
39-1,25504,1,1,match
39-2,25504,1,1,match
39-1,25505,3,3,match
39-2,25505,3,3,match
40-3,25505,1,1,match
38-1,25506,1,1,match
40-3,25506,1,1,match
38-1,25507,1,1,match
38-1,25508,1,1,match
39-1,25508,2,2,match
39-2,25508,2,2,match
40-1,25508,2,2,match
40-2,25508,2,2,match
40-3,25508,2,2,match
44-1,25508,4,4,match
38-1,25509,1,1,match
41-1,25509,1,1,match
41-2,25509,1,1,match
39-1,25510,4,4,match
39-2,25510,5,5,match
38-1,25511,2,2,match
38-1,25512,1,1,match
38-1,25516,1,1,match
41-1,25516,2,2,match
41-2,25516,2,2,match
39-2,25517,1,1,match
40-2,25518,1,1,match
40-3,25518,1,1,match
38-1,25520,1,1,match
38-1,25521,1,1,match
39-1,25521,2,2,match
39-2,25521,3,3,match
40-1,25521,2,2,match
40-2,25521,4,4,match
40-3,25521,5,5,match
40-2,25522,2,2,match
40-3,25522,2,2,match
41-1,25522,1,1,match
42-1,25522,1,1,match
39-1,25523,1,1,match
38-1,25524,3,3,match
41-2,25524,2,2,match
42-1,25524,1,1,match
44-1,25524,1,1,match
39-1,25527,3,3,match
39-2,25527,1,1,match
40-2,25527,3,3,match
38-1,25528,7,7,match
39-2,25529,1,1,match
40-3,25529,1,1,match
38-1,25532,1,1,match
39-1,25533,6,6,match
39-2,25533,7,7,match
40-2,25533,1,1,match
40-3,25533,1,1,match
41-1,25533,1,1,match
38-1,25569,1,1,match
40-3,25639,1,1,match
39-2,26684,1,1,match
40-2,26684,1,1,match
40-3,26684,3,3,match
41-1,26684,1,1,match
39-1,27553,1,1,match
39-2,27553,1,1,match
40-2,27553,1,1,match
40-3,27553,1,1,match
41-1,27553,1,1,match
45-1,28286,1,1,match
41-2,29881,4,4,match
43-2,29971,1,1,match
44-1,29971,4,4,match
45-1,29971,4,4,match
44-1,30330,1,1,match
45-1,30330,1,1,match
40-2,30338,1,1,match
40-3,30338,1,1,match
41-1,30338,2,2,match
41-2,30338,2,2,match
40-2,30418,1,1,match
40-3,30418,2,2,match
41-2,30428,1,1,match
40-2,30467,2,2,match
40-3,30467,5,5,match
41-1,30467,4,4,match
41-2,30467,4,4,match
41-1,30552,1,1,match
41-2,30552,1,1,match
40-2,30645,1,1,match
40-3,30645,1,1,match
41-1,30645,3,3,match
44-1,30645,1,1,match
39-2,30836,1,1,match
40-2,30836,2,2,match
40-3,30836,3,3,match
41-1,30836,3,3,match
41-2,30836,4,4,match
41-2,30892,1,1,match
39-1,30903,3,3,match
39-2,30903,4,4,match
40-2,30903,4,4,match
40-3,30903,6,6,match
41-1,30903,7,7,match
41-2,30903,8,8,match
39-1,30929,1,1,match
39-2,30929,3,3,match
39-1,30979,1,1,match
39-2,30979,1,1,match
41-1,30979,1,1,match
41-2,30979,1,1,match
40-3,30982,1,1,match
40-3,31035,1,1,match
40-2,31079,1,1,match
40-3,31079,1,1,match
41-2,31079,1,1,match
42-1,31079,1,1,match
39-1,31098,1,1,match
39-2,31098,1,1,match
42-1,31098,1,1,match
45-1,31098,1,1,match
40-1,31234,1,1,match
40-2,31234,4,4,match
40-3,31234,8,8,match
41-1,31234,13,13,match
41-2,31234,14,14,match
39-1,31267,1,1,match
39-2,31267,1,1,match
41-2,31267,1,1,match
40-2,31289,5,5,match
40-3,31289,5,5,match
41-1,31289,2,2,match
41-2,31289,2,2,match
42-1,31289,1,1,match
43-2,31289,1,1,match
44-1,31289,1,1,match
40-2,31295,2,2,match
40-3,31295,3,3,match
41-1,31295,6,6,match
41-2,31295,7,7,match
39-2,31508,1,1,match
40-3,31508,2,2,match
41-1,31508,6,6,match
41-2,31508,6,6,match
40-1,31538,1,1,match
40-2,31538,1,1,match
40-3,31538,1,1,match
39-1,31685,1,1,match
39-2,31685,2,2,match
40-2,31685,1,1,match
41-2,31701,3,3,match
42-1,31701,4,4,match
40-3,31715,1,1,match
41-1,31715,1,1,match
41-2,31715,1,1,match
40-2,31765,1,1,match
40-3,31765,1,1,match
41-2,31765,1,1,match
39-2,31774,1,1,match
39-1,31791,1,1,match
39-2,31791,1,1,match
39-2,31811,1,1,match
39-2,35186,1,1,match
40-3,35187,1,1,match
41-1,35187,1,1,match
41-2,35187,1,1,match
42-1,35187,1,1,match
40-2,35189,1,1,match
41-1,35189,2,2,match
41-2,35189,2,2,match
42-1,35189,1,1,match
38-1,35190,1,1,match
39-1,35190,1,1,match
40-3,35190,1,1,match
39-1,35191,1,1,match
41-2,35191,1,1,match
42-1,35191,1,1,match
44-1,35191,1,1,match
45-1,35191,1,1,match
42-1,35192,1,1,match
39-2,35194,1,1,match
39-1,35195,1,1,match
39-2,35195,2,2,match
40-1,35195,2,2,match
40-2,35195,4,4,match
41-2,35196,1,1,match
39-2,35200,1,1,match
40-2,35200,1,1,match
39-1,35201,1,1,match
39-2,35201,2,2,match
40-1,35201,1,1,match
40-2,35201,1,1,match
40-3,35201,1,1,match
41-1,35201,1,1,match
41-2,35201,2,2,match
42-1,35201,1,1,match
39-2,35202,1,1,match
40-1,35202,1,1,match
40-2,35202,1,1,match
40-3,35202,1,1,match
41-1,35202,1,1,match
42-1,35202,1,1,match
43-2,35202,1,1,match
41-2,35203,1,1,match
40-2,35204,1,1,match
40-3,35204,1,1,match
38-1,35206,1,1,match
38-1,35209,1,1,match
39-1,35209,1,1,match
39-2,35209,1,1,match
40-2,35209,3,3,match
40-3,35209,3,3,match
41-1,35209,1,1,match
41-2,35209,2,2,match
42-1,35209,1,1,match
43-2,35209,1,1,match
44-1,35209,1,1,match
39-1,35210,1,1,match
39-2,35210,3,3,match
40-2,35210,2,2,match
41-2,35210,1,1,match
38-1,35213,1,1,match
39-1,35213,2,2,match
39-2,35213,2,2,match
40-2,35213,1,1,match
38-1,35215,1,1,match
39-1,35215,1,1,match
39-2,35215,1,1,match
40-2,35215,2,2,match
42-1,35215,2,2,match
42-1,35224,1,1,match
44-1,35224,1,1,match
45-1,35224,1,1,match
41-2,35274,1,1,match
40-3,35300,1,1,match
39-1,35309,2,2,match
39-2,35309,1,1,match
42-1,35309,1,1,match
43-1,35315,2,2,match
43-2,35315,2,2,match
44-1,35315,1,1,match
45-1,35315,1,1,match
42-1,35320,1,1,match
39-1,35343,1,1,match
39-2,35343,1,1,match
40-3,35343,1,1,match
41-1,35351,1,1,match
41-2,35351,1,1,match
42-1,35351,4,4,match
39-1,35368,2,2,match
39-2,35368,2,2,match
40-3,35368,1,1,match
39-1,35389,2,2,match
39-2,35389,1,1,match
40-3,35389,1,1,match
41-2,35389,6,6,match
42-1,35389,1,1,match
41-2,35396,1,1,match
43-2,35397,1,1,match
44-1,35397,1,1,match
41-2,35399,1,1,match
40-3,35422,1,1,match
41-1,35422,4,4,match
39-2,35499,1,1,match
39-2,35517,1,1,match
41-1,35555,1,1,match
40-2,35573,1,1,match
40-3,35573,1,1,match
39-1,35580,1,1,match
39-2,35580,1,1,match
42-1,35600,1,1,match
44-1,35600,1,1,match
41-1,35607,1,1,match
41-2,35663,1,1,match
39-1,35665,2,2,match
39-2,35665,5,5,match
40-1,35665,3,3,match
40-2,35665,8,8,match
40-3,35665,12,12,match
41-1,35665,1,1,match
41-2,35665,1,1,match
39-1,35676,5,5,match
40-1,35676,1,1,match
40-2,35676,5,5,match
41-2,35676,1,1,match
41-2,35684,1,1,match
39-2,35697,1,1,match
41-1,35701,1,1,match
41-1,35707,1,1,match
40-3,35724,1,1,match
39-1,35751,7,7,match
39-2,35751,4,4,match
40-2,35751,3,3,match
40-3,35751,2,2,match
41-1,35751,9,9,match
41-2,35751,1,1,match
41-1,35767,1,1,match
41-2,35767,1,1,match
39-2,35775,2,2,match
39-1,35857,1,1,match
39-2,35857,1,1,match
40-2,35873,3,3,match
40-3,35873,3,3,match
41-1,35873,4,4,match
41-2,35873,5,5,match
42-1,35873,3,3,match
39-1,35886,1,1,match
39-2,35886,1,1,match
41-1,35896,1,1,match
41-2,35896,1,1,match
41-1,35897,1,1,match
41-2,35897,1,1,match
42-1,35897,2,2,match
43-2,35897,1,1,match
44-1,35897,2,2,match
45-1,35897,1,1,match
39-1,35904,1,1,match
41-1,35904,2,2,match
41-2,35904,2,2,match
44-1,35904,1,1,match
44-1,35909,1,1,match
39-1,35933,1,1,match
39-2,35933,1,1,match
39-2,35950,1,1,match
40-2,35950,1,1,match
40-3,35950,2,2,match
41-1,35950,1,1,match
41-2,35950,2,2,match
42-1,35950,3,3,match
41-2,35952,1,1,match
39-2,35980,1,1,match
39-1,35997,4,4,match
39-2,35997,4,4,match
40-2,35997,4,4,match
40-3,35997,5,5,match
40-2,35998,1,1,match
40-3,35998,1,1,match
41-1,35998,1,1,match
41-2,35998,3,3,match
40-3,36037,1,1,match
41-1,36037,2,2,match
41-2,36037,2,2,match
44-1,36037,1,1,match
41-1,38633,3,3,match
41-1,40463,2,2,match
41-2,40463,7,7,match
40-2,46003,3,3,match
40-3,46003,1,1,match
41-1,46003,1,1,match
41-2,46003,3,3,match
42-1,48292,1,1,match
42-1,53569,1,1,match
40-2,54325,1,1,match
41-1,54325,4,4,match
41-2,54325,3,3,match
42-1,54325,1,1,match
40-3,55008,1,1,match
42-1,55008,1,1,match
44-1,55008,1,1,match
45-1,55008,1,1,match
41-1,55139,1,1,match
41-2,55139,1,1,match
41-1,58528,3,3,match
41-2,58528,3,3,match
40-3,58550,4,4,match
41-1,58550,6,6,match
41-2,58550,9,9,match
41-2,58620,1,1,match
40-2,58621,2,2,match
40-3,58621,2,2,match
42-1,58621,1,1,match
41-1,58626,1,1,match
41-2,58626,2,2,match
41-2,58628,1,1,match
41-1,58637,1,1,match
41-2,58661,1,1,match
41-1,58705,1,1,match
41-2,58733,1,1,match
42-1,58733,2,2,match
43-1,58733,1,1,match
43-2,58733,1,1,match
44-1,58733,1,1,match
40-2,58747,1,1,match
40-3,58747,1,1,match
41-2,58761,7,7,match
42-1,58761,2,2,match
43-2,58761,3,3,match
44-1,58761,5,5,match
41-1,58775,1,1,match
42-1,58775,2,2,match
44-1,58775,3,3,match
45-1,58775,1,1,match
40-3,58788,1,1,match
40-3,58840,1,1,match
44-1,58841,1,1,match
40-2,58858,1,1,match
40-3,58858,3,3,match
41-1,58866,1,1,match
41-2,58866,4,4,match
40-3,58877,5,5,match
41-1,58877,7,7,match
41-2,58877,7,7,match
42-1,58878,2,2,match
43-1,58878,1,1,match
43-2,58878,1,1,match
40-2,58890,3,3,match
40-3,58890,4,4,match
41-1,58890,2,2,match
41-2,58890,2,2,match
41-2,58914,5,5,match
41-1,58922,1,1,match
41-2,58922,1,1,match
42-1,58945,2,2,match
43-1,58945,1,1,match
43-2,58945,2,2,match
44-1,58945,6,6,match
45-1,58945,2,2,match
40-2,59000,1,1,match
40-3,59000,1,1,match
40-3,59036,1,1,match
40-2,59047,3,3,match
40-3,59047,6,6,match
41-1,59047,6,6,match
41-2,59047,8,8,match
40-2,59068,5,5,match
40-3,59068,5,5,match
41-1,59068,2,2,match
41-2,59068,4,4,match
41-1,59087,2,2,match
41-2,59087,3,3,match
40-2,59103,1,1,match
40-3,59103,4,4,match
40-2,59110,1,1,match
40-3,59110,1,1,match
41-2,59115,1,1,match
41-2,59148,1,1,match
43-1,59148,1,1,match
43-2,59148,1,1,match
44-1,59148,1,1,match
40-3,59156,1,1,match
41-1,59156,1,1,match
41-2,59156,1,1,match
43-2,59156,1,1,match
44-1,59156,1,1,match
45-1,59156,1,1,match
41-1,59182,1,1,match
41-2,59182,1,1,match
40-3,59203,1,1,match
41-1,59203,1,1,match
41-2,59203,6,6,match
41-2,59217,1,1,match
40-3,59226,1,1,match
41-1,59226,1,1,match
41-2,59226,1,1,match
41-1,59235,1,1,match
42-1,59265,2,2,match
43-2,59265,1,1,match
41-1,59283,1,1,match
42-1,59283,1,1,match
43-2,59283,1,1,match
44-1,59283,3,3,match
45-1,59283,2,2,match
42-1,59293,1,1,match
44-1,59293,1,1,match
40-2,59325,5,5,match
40-3,59325,15,15,match
41-1,59325,13,13,match
41-2,59325,17,17,match
42-1,59325,22,22,match
43-1,59325,4,4,match
43-2,59325,10,10,match
44-1,59325,17,17,match
45-1,59325,5,5,match
41-2,59331,1,1,match
40-2,59346,1,1,match
40-3,59346,1,1,match
41-2,59549,1,1,match
42-1,59549,1,1,match
42-1,59552,1,1,match
44-1,59552,1,1,match
41-2,60078,1,1,match
42-1,60078,3,3,match
42-1,61267,1,1,match
41-2,62704,1,1,match
42-1,62704,1,1,match
40-3,62706,1,1,match
42-1,62706,2,2,match
42-1,62707,1,1,match
43-1,62707,1,1,match
43-2,62707,1,1,match
44-1,62707,2,2,match
45-1,62708,1,1,match
40-3,63577,1,1,match
41-1,63589,3,3,match
41-2,63589,4,4,match
40-3,63592,6,6,match
41-1,63592,7,7,match
41-2,63592,9,9,match
42-1,63592,3,3,match
44-1,63908,1,1,match
43-1,64770,1,1,match
43-2,64770,5,5,match
44-1,64770,7,7,match
44-1,66327,1,1,match
41-2,69488,1,1,match
41-2,69992,1,1,match
41-2,71270,2,2,match
41-1,71285,2,2,match
41-2,71285,3,3,match
41-1,71323,2,2,match
41-2,71323,2,2,match
41-2,71338,1,1,match
41-2,71341,1,1,match
41-1,71350,2,2,match
41-2,71350,4,4,match
42-1,71350,3,3,match
42-1,71357,3,3,match
41-1,71362,1,1,match
41-2,71362,1,1,match
41-2,71368,2,2,match
42-1,71368,1,1,match
41-1,71377,1,1,match
41-2,71377,1,1,match
42-1,71395,2,2,match
41-2,71398,2,2,match
41-1,71401,1,1,match
41-2,71401,2,2,match
41-1,71407,1,1,match
41-2,71413,1,1,match
41-2,71420,1,1,match
41-1,71434,1,1,match
42-1,71434,1,1,match
41-1,71436,1,1,match
41-1,71439,1,1,match
43-2,71454,1,1,match
44-1,71454,1,1,match
41-1,71465,3,3,match
41-2,71465,5,5,match
41-2,71471,1,1,match
41-2,71477,1,1,match
41-1,71482,2,2,match
41-2,71482,3,3,match
42-1,71482,1,1,match
41-2,71499,2,2,match
41-1,71503,1,1,match
41-2,71503,1,1,match
41-1,71517,1,1,match
41-2,71517,4,4,match
42-1,71529,2,2,match
41-1,71530,1,1,match
41-2,71530,1,1,match
41-1,71533,1,1,match
41-2,71537,2,2,match
42-1,71553,4,4,match
41-1,71557,1,1,match
41-2,71557,2,2,match
41-1,71560,1,1,match
42-1,71560,1,1,match
41-1,71566,1,1,match
41-2,71566,1,1,match
41-1,71569,1,1,match
41-2,71576,2,2,match
41-2,71585,2,2,match
44-1,71588,1,1,match
42-1,71599,1,1,match
43-2,71599,1,1,match
41-1,71611,1,1,match
41-2,71611,2,2,match
41-1,71627,1,1,match
41-2,71627,1,1,match
41-2,71660,3,3,match
41-1,71693,1,1,match
41-2,71693,1,1,match
41-2,71755,1,1,match
41-1,71762,1,1,match
41-2,71762,1,1,match
41-1,71780,3,3,match
41-2,71780,4,4,match
42-1,71786,3,3,match
41-1,71824,1,1,match
41-2,71824,4,4,match
41-2,71861,1,1,match
42-1,71902,1,1,match
44-1,71902,2,2,match
45-1,71902,2,2,match
41-2,71945,1,1,match
42-1,71986,1,1,match
43-2,71986,1,1,match
41-1,71995,4,4,match
41-2,71995,9,9,match
42-1,71995,6,6,match
43-1,71995,2,2,match
43-2,71995,3,3,match
44-1,71995,2,2,match
41-1,72006,1,1,match
41-2,72006,1,1,match
41-1,72018,1,1,match
41-2,72018,1,1,match
41-1,72029,1,1,match
42-1,72029,6,6,match
43-2,72029,2,2,match
45-1,72029,1,1,match
42-1,72035,1,1,match
41-1,72052,1,1,match
41-2,72052,1,1,match
41-1,72079,1,1,match
41-2,72079,2,2,match
41-2,72773,3,3,match
42-1,72773,1,1,match
41-1,75006,4,4,match
41-2,75006,4,4,match
41-2,76745,1,1,match
42-1,76745,2,2,match
41-2,76746,1,1,match
42-1,76746,1,1,match
43-2,76746,1,1,match
42-1,76747,2,2,match
44-1,76747,2,2,match
42-1,77765,1,1,match
43-1,83520,1,1,match
43-2,83520,2,2,match
44-1,83520,3,3,match
45-1,83520,1,1,match
41-2,84660,1,1,match
43-2,84660,1,1,match
42-1,84665,2,2,match
43-1,84665,1,1,match
43-2,84665,5,5,match
44-1,84665,12,12,match
42-1,84672,1,1,match
44-1,84672,1,1,match
45-1,84672,1,1,match
44-1,84882,1,1,match
45-1,84882,1,1,match
42-1,86249,1,1,match
42-1,86261,1,1,match
43-1,86261,1,1,match
43-2,86261,1,1,match
44-1,86261,1,1,match
42-1,86786,1,1,match
43-1,87121,1,1,match
43-2,87121,1,1,match
44-1,87121,2,2,match
45-1,87121,2,2,match
42-1,88299,3,3,match
44-1,88299,2,2,match
45-1,88316,3,3,match
42-1,88323,1,1,match
42-1,88346,1,1,match
44-1,88350,1,1,match
44-1,88364,1,1,match
43-1,88369,1,1,match
43-2,88369,1,1,match
42-1,88370,1,1,match
43-2,88384,1,1,match
42-1,88397,1,1,match
42-1,88404,1,1,match
42-1,88422,1,1,match
43-2,88422,1,1,match
45-1,88422,2,2,match
42-1,88442,1,1,match
43-1,88449,1,1,match
44-1,88453,1,1,match
45-1,88468,2,2,match
42-1,88485,1,1,match
43-1,88485,1,1,match
43-2,88485,1,1,match
42-1,88488,2,2,match
43-1,88501,3,3,match
43-2,88501,8,8,match
44-1,88501,5,5,match
42-1,88504,1,1,match
44-1,88521,1,1,match
44-1,88530,1,1,match
44-1,88535,1,1,match
42-1,88538,1,1,match
43-2,88538,1,1,match
44-1,88538,1,1,match
45-1,88541,1,1,match
42-1,88544,1,1,match
43-2,88544,1,1,match
42-1,88552,2,2,match
43-1,88552,1,1,match
43-2,88552,1,1,match
44-1,88552,1,1,match
42-1,88558,1,1,match
42-1,88595,2,2,match
43-2,88600,1,1,match
42-1,88601,1,1,match
42-1,88605,4,4,match
44-1,88605,2,2,match
45-1,88605,1,1,match
42-1,88633,2,2,match
43-1,88633,1,1,match
44-1,88633,3,3,match
45-1,88633,7,7,match
42-1,88651,1,1,match
44-1,88660,3,3,match
45-1,88660,1,1,match
42-1,88674,1,1,match
42-1,88687,4,4,match
43-1,88687,2,2,match
43-2,88687,2,2,match
44-1,88687,2,2,match
42-1,88692,1,1,match
42-1,88703,1,1,match
43-1,88703,1,1,match
43-2,88703,1,1,match
44-1,88705,1,1,match
42-1,88715,3,3,match
43-2,88721,1,1,match
43-1,88738,1,1,match
43-2,88738,1,1,match
44-1,88738,2,2,match
42-1,88745,1,1,match
42-1,88780,1,1,match
43-2,88780,3,3,match
43-2,88784,1,1,match
42-1,88802,1,1,match
44-1,88802,1,1,match
44-1,88810,1,1,match
42-1,88827,1,1,match
42-1,88835,1,1,match
42-1,88852,1,1,match
42-1,88858,1,1,match
42-1,88860,1,1,match
42-1,88892,3,3,match
44-1,88910,3,3,match
42-1,88917,1,1,match
43-1,88917,1,1,match
43-2,88917,1,1,match
42-1,88929,1,1,match
43-1,88929,1,1,match
43-2,88929,1,1,match
42-1,88938,1,1,match
43-2,88938,1,1,match
44-1,88938,2,2,match
44-1,88950,1,1,match
43-1,88961,1,1,match
43-2,88961,2,2,match
44-1,88961,1,1,match
43-2,88973,1,1,match
42-1,88984,3,3,match
44-1,88984,2,2,match
42-1,88992,14,14,match
43-1,88992,4,4,match
42-1,89000,2,2,match
44-1,89000,1,1,match
42-1,89012,1,1,match
42-1,89020,3,3,match
42-1,89027,1,1,match
42-1,89032,1,1,match
43-1,89032,1,1,match
43-2,89032,2,2,match
44-1,89032,2,2,match
42-1,89059,2,2,match
44-1,89059,1,1,match
42-1,89065,2,2,match
42-1,89084,1,1,match
43-1,89084,1,1,match
43-2,89084,1,1,match
44-1,89084,1,1,match
42-1,89090,5,5,match
42-1,89098,1,1,match
43-1,89098,1,1,match
43-2,89098,1,1,match
44-1,89098,1,1,match
44-1,89109,1,1,match
42-1,89116,1,1,match
43-1,89116,1,1,match
43-2,89116,1,1,match
44-1,89130,1,1,match
42-1,89136,2,2,match
43-2,89136,2,2,match
44-1,89136,1,1,match
42-1,89139,1,1,match
42-1,89150,1,1,match
45-1,89150,1,1,match
42-1,89156,1,1,match
45-1,89156,1,1,match
43-1,89167,1,1,match
43-2,89167,1,1,match
42-1,89179,1,1,match
43-1,89198,1,1,match
43-2,89198,1,1,match
42-1,89200,1,1,match
45-1,89200,1,1,match
42-1,89211,1,1,match
43-2,89211,1,1,match
44-1,89211,3,3,match
42-1,89219,1,1,match
43-2,89219,1,1,match
44-1,89219,1,1,match
42-1,89226,1,1,match
43-2,89226,1,1,match
44-1,89226,3,3,match
45-1,89226,2,2,match
45-1,89236,1,1,match
42-1,89249,5,5,match
43-1,89249,1,1,match
43-2,89249,2,2,match
44-1,89249,3,3,match
42-1,89258,1,1,match
42-1,89263,1,1,match
43-1,89263,1,1,match
43-2,89263,3,3,match
44-1,89263,4,4,match
45-1,89263,8,8,match
42-1,89269,4,4,match
43-1,89269,1,1,match
43-2,89269,5,5,match
44-1,89269,9,9,match
42-1,89272,1,1,match
43-1,89272,2,2,match
43-2,89272,4,4,match
44-1,89272,2,2,match
42-1,89281,2,2,match
42-1,89294,3,3,match
44-1,89294,1,1,match
45-1,89294,1,1,match
43-2,89300,2,2,match
44-1,89300,2,2,match
42-1,89327,3,3,match
44-1,89327,3,3,match
43-2,89334,1,1,match
42-1,89346,3,3,match
43-2,89346,1,1,match
44-1,89346,2,2,match
45-1,89346,5,5,match
42-1,89354,2,2,match
43-2,89354,1,1,match
44-1,89354,3,3,match
44-1,89383,1,1,match
42-1,89408,1,1,match
43-1,89408,5,5,match
43-2,89408,6,6,match
44-1,89408,2,2,match
44-1,89449,3,3,match
45-1,89449,4,4,match
42-1,89466,3,3,match
43-1,89472,1,1,match
43-2,89472,1,1,match
43-2,89485,2,2,match
42-1,89486,3,3,match
42-1,89494,13,13,match
42-1,89497,1,1,match
39-1,89535,1,1,match
39-2,89535,2,2,match
44-1,89535,1,1,match
45-1,89794,1,1,match
45-1,92209,1,1,match
44-1,93023,1,1,match
42-1,95482,1,1,match
43-1,95493,1,1,match
43-2,95493,2,2,match
44-1,95493,2,2,match
45-1,95493,1,1,match
42-1,95496,1,1,match
43-1,95496,2,2,match
43-2,95496,1,1,match
44-1,95496,2,2,match
43-2,95498,5,5,match
44-1,95498,16,16,match
45-1,95498,1,1,match
44-1,95500,2,2,match
45-1,95500,1,1,match
44-1,95530,2,2,match
45-1,95530,2,2,match
44-1,96081,7,7,match
45-1,96081,1,1,match
43-2,96350,1,1,match
43-2,96352,1,1,match
44-1,96352,1,1,match
44-1,96356,10,10,match
44-1,96367,1,1,match
42-1,98079,1,1,match
43-2,98079,1,1,match
44-1,98079,1,1,match
45-1,98079,1,1,match
44-1,98749,1,1,match
43-1,98804,1,1,match
43-2,98804,2,2,match
44-1,98804,5,5,match
45-1,98804,4,4,match
44-1,99156,1,1,match
45-1,99156,1,1,match
44-1,99157,1,1,match
45-1,99157,1,1,match
44-1,99379,1,1,match
45-1,99379,1,1,match
44-1,100525,1,1,match
45-1,100525,1,1,match
43-1,100526,1,1,match
43-2,100526,2,2,match
44-1,100526,4,4,match
44-1,101320,1,1,match
45-1,101320,1,1,match
44-1,102275,1,1,match
45-1,102275,1,1,match
43-1,102488,1,1,match
43-2,102488,1,1,match
44-1,102488,1,1,match
45-1,102488,1,1,match
44-1,102489,2,2,match
45-1,102489,1,1,match
43-1,102653,1,1,match
43-2,102653,1,1,match
44-1,102653,1,1,match
44-1,104496,1,1,match
45-1,104496,2,2,match
43-1,104544,1,1,match
43-2,104544,1,1,match
44-1,104555,1,1,match
43-2,104586,1,1,match
44-1,104586,1,1,match
43-1,104622,1,1,match
43-2,104622,1,1,match
44-1,104622,1,1,match
43-1,104648,1,1,match
43-2,104648,1,1,match
43-2,104656,1,1,match
44-1,104669,2,2,match
45-1,104669,1,1,match
44-1,104678,2,2,match
43-2,104705,2,2,match
44-1,104705,1,1,match
44-1,104741,1,1,match
43-1,104773,1,1,match
43-2,104773,1,1,match
45-1,104773,1,1,match
43-2,104783,1,1,match
44-1,104783,1,1,match
43-1,104786,1,1,match
43-2,104786,1,1,match
44-1,104786,1,1,match
45-1,104944,1,1,match
45-1,104947,1,1,match
44-1,104957,1,1,match
44-1,104973,1,1,match
43-2,105009,1,1,match
44-1,105031,1,1,match
45-1,105031,1,1,match
45-1,105045,2,2,match
45-1,105052,1,1,match
44-1,105070,2,2,match
44-1,105120,1,1,match
43-2,105121,1,1,match
44-1,105121,3,3,match
45-1,105121,3,3,match
44-1,105186,1,1,match
44-1,105210,2,2,match
43-1,105221,2,2,match
43-2,105221,3,3,match
44-1,105221,6,6,match
43-2,105229,1,1,match
43-1,105291,1,1,match
43-2,105291,1,1,match
44-1,105291,1,1,match
43-2,105422,1,1,match
44-1,105422,1,1,match
44-1,105437,1,1,match
45-1,105437,1,1,match
43-2,105511,1,1,match
44-1,105511,1,1,match
45-1,105521,1,1,match
44-1,105559,1,1,match
44-1,105598,1,1,match
45-1,105598,1,1,match
44-1,105614,1,1,match
43-1,105623,1,1,match
43-2,105623,2,2,match
45-1,105623,1,1,match
43-2,105630,1,1,match
43-2,105665,1,1,match
43-2,105689,2,2,match
44-1,105689,6,6,match
45-1,105689,3,3,match
44-1,105751,1,1,match
45-1,105774,1,1,match
44-1,105802,1,1,match
44-1,105837,5,5,match
43-2,105854,1,1,match
44-1,105854,3,3,match
44-1,105908,4,4,match
45-1,105918,1,1,match
43-2,105927,1,1,match
44-1,109818,1,1,match
45-1,109818,1,1,match
45-1,109822,1,1,match
44-1,109823,1,1,match
44-1,109826,2,2,match
45-1,109826,1,1,match
44-1,109867,1,1,match
44-1,109905,1,1,match
44-1,109915,1,1,match
45-1,109915,1,1,match
44-1,110009,1,1,match
44-1,110189,1,1,match
44-1,110330,2,2,match
45-1,110339,7,7,match
45-1,110365,1,1,match
44-1,110373,1,1,match
45-1,110373,1,1,match
45-1,110446,1,1,match
44-1,110459,1,1,match
44-1,110538,1,1,match
44-1,110649,1,1,match
45-1,110649,1,1,match
44-1,110654,2,2,match
45-1,110663,1,1,match
44-1,110665,1,1,match
45-1,110665,1,1,match
44-1,111007,3,3,match
45-1,111007,1,1,match
44-1,111023,3,3,match
44-1,111048,1,1,match
45-1,111067,1,1,match
44-1,111109,2,2,match
44-1,111116,2,2,match
45-1,111116,1,1,match
45-1,114121,1,1,match
45-1,114300,1,1,match
45-1,117584,1,1,match
45-1,118133,1,1,match
44-1,120079,1,1,match
45-1,120079,5,5,match
45-1,122292,1,1,match
45-1,122389,1,1,match
45-1,122437,1,1,match
45-1,122492,1,1,match
45-1,122533,1,1,match
45-1,122559,1,1,match
45-1,122753,1,1,match
45-1,122913,1,1,match
45-1,122988,1,1,match
45-1,123060,1,1,match
45-1,123229,1,1,match
45-1,123276,1,1,match
45-1,123361,1,1,match
45-1,123372,1,1,match
45-1,123415,1,1,match
45-1,123500,1,1,match
45-1,123552,1,1,match
45-1,123608,1,1,match
45-1,123644,1,1,match
45-1,123675,3,3,match
