division_id,official_date,deposit_date,date_matches
H38S1V001,2004-10-18,2004-10-18,True
H38S1V002,2004-10-18,2004-10-18,True
H38S1V003,2004-10-18,2004-10-18,True
H38S1V004,2004-10-18,2004-10-18,True
H38S1V005,2004-10-26,2004-10-26,True
H38S1V006,2004-11-02,2004-11-02,True
H38S1V007,2004-11-02,2004-11-02,True
H38S1V008,2004-11-02,2004-11-02,True
H38S1V009,2004-11-02,2004-11-02,True
H38S1V010,2004-11-15,2004-11-15,True
H38S1V011,2004-11-16,2004-11-16,True
H38S1V012,2004-11-16,2004-11-16,True
H38S1V013,2004-11-23,2004-11-23,True
H38S1V014,2004-11-23,2004-11-23,True
H38S1V015,2004-11-23,2004-11-23,True
H38S1V016,2004-11-23,2004-11-23,True
H38S1V017,2004-11-30,2004-11-30,True
H38S1V018,2004-12-01,2004-12-01,True
H38S1V019,2004-12-01,2004-12-01,True
H38S1V020,2004-12-07,2004-12-07,True
H38S1V021,2004-12-07,2004-12-07,True
H38S1V022,2004-12-07,2004-12-07,True
H38S1V023,2004-12-07,2004-12-07,True
H38S1V024,2004-12-07,2004-12-07,True
H38S1V025,2004-12-09,2004-12-09,True
H38S1V026,2004-12-09,2004-12-09,True
H38S1V027,2004-12-09,2004-12-09,True
H38S1V028,2004-12-09,2004-12-09,True
H38S1V029,2004-12-09,2004-12-09,True
H38S1V030,2004-12-09,2004-12-09,True
H38S1V031,2005-02-02,2005-02-02,True
H38S1V032,2005-02-08,2005-02-08,True
H38S1V033,2005-02-08,2005-02-08,True
H38S1V034,2005-02-09,2005-02-09,True
H38S1V035,2005-02-15,2005-02-15,True
H38S1V036,2005-02-15,2005-02-15,True
H38S1V037,2005-02-15,2005-02-15,True
H38S1V038,2005-02-15,2005-02-15,True
H38S1V039,2005-02-22,2005-02-22,True
H38S1V040,2005-02-22,2005-02-22,True
H38S1V041,2005-03-07,2005-03-07,True
H38S1V042,2005-03-08,2005-03-08,True
H38S1V043,2005-03-09,2005-03-09,True
H38S1V044,2005-03-09,2005-03-09,True
H38S1V045,2005-03-22,2005-03-22,True
H38S1V046,2005-03-22,2005-03-22,True
H38S1V047,2005-03-22,2005-03-22,True
H38S1V048,2005-03-22,2005-03-22,True
H38S1V049,2005-03-23,2005-03-23,True
H38S1V050,2005-03-23,2005-03-23,True
H38S1V051,2005-03-23,2005-03-23,True
H38S1V052,2005-03-23,2005-03-23,True
H38S1V053,2005-04-06,2005-04-06,True
H38S1V054,2005-04-06,2005-04-06,True
H38S1V055,2005-04-06,2005-04-06,True
H38S1V056,2005-04-12,2005-04-12,True
H38S1V057,2005-04-12,2005-04-12,True
H38S1V058,2005-04-12,2005-04-12,True
H38S1V059,2005-04-12,2005-04-12,True
H38S1V060,2005-04-12,2005-04-12,True
H38S1V061,2005-04-13,2005-04-13,True
H38S1V062,2005-04-13,2005-04-13,True
H38S1V063,2005-04-13,2005-04-13,True
H38S1V064,2005-04-13,2005-04-13,True
H38S1V065,2005-04-19,2005-04-19,True
H38S1V066,2005-04-20,2005-04-20,True
H38S1V067,2005-04-20,2005-04-20,True
H38S1V068,2005-04-20,2005-04-20,True
H38S1V069,2005-05-02,2005-05-02,True
H38S1V070,2005-05-02,2005-05-02,True
H38S1V071,2005-05-03,2005-05-03,True
H38S1V072,2005-05-04,2005-05-04,True
H38S1V073,2005-05-04,2005-05-04,True
H38S1V074,2005-05-04,2005-05-04,True
H38S1V075,2005-05-04,2005-05-04,True
H38S1V076,2005-05-04,2005-05-04,True
H38S1V077,2005-05-04,2005-05-04,True
H38S1V078,2005-05-04,2005-05-04,True
H38S1V079,2005-05-10,2005-05-10,True
H38S1V080,2005-05-10,2005-05-10,True
H38S1V081,2005-05-10,2005-05-10,True
H38S1V082,2005-05-10,2005-05-10,True
H38S1V083,2005-05-10,2005-05-10,True
H38S1V084,2005-05-11,2005-05-11,True
H38S1V085,2005-05-11,2005-05-11,True
H38S1V086,2005-05-12,2005-05-12,True
H38S1V087,2005-05-13,2005-05-13,True
H38S1V088,2005-05-13,2005-05-13,True
H38S1V089,2005-05-18,2005-05-18,True
H38S1V090,2005-05-19,2005-05-19,True
H38S1V091,2005-05-19,2005-05-19,True
H38S1V092,2005-06-01,2005-06-01,True
H38S1V093,2005-06-01,2005-06-01,True
H38S1V094,2005-06-01,2005-06-01,True
H38S1V095,2005-06-07,2005-06-07,True
H38S1V096,2005-06-07,2005-06-07,True
H38S1V097,2005-06-07,2005-06-07,True
H38S1V098,2005-06-07,2005-06-07,True
H38S1V099,2005-06-07,2005-06-07,True
H38S1V100,2005-06-08,2005-06-08,True
H38S1V101,2005-06-08,2005-06-08,True
H38S1V102,2005-06-13,2005-06-13,True
H38S1V103,2005-06-14,2005-06-14,True
H38S1V104,2005-06-14,2005-06-14,True
H38S1V105,2005-06-14,2005-06-14,True
H38S1V106,2005-06-14,2005-06-14,True
H38S1V107,2005-06-14,2005-06-14,True
H38S1V108,2005-06-14,2005-06-14,True
H38S1V109,2005-06-14,2005-06-14,True
H38S1V110,2005-06-14,2005-06-14,True
H38S1V111,2005-06-14,2005-06-14,True
H38S1V112,2005-06-14,2005-06-14,True
H38S1V113,2005-06-14,2005-06-14,True
H38S1V114,2005-06-14,2005-06-14,True
H38S1V115,2005-06-14,2005-06-14,True
H38S1V116,2005-06-14,2005-06-14,True
H38S1V117,2005-06-14,2005-06-14,True
H38S1V118,2005-06-14,2005-06-14,True
H38S1V119,2005-06-14,2005-06-14,True
H38S1V120,2005-06-14,2005-06-14,True
H38S1V121,2005-06-14,2005-06-14,True
H38S1V122,2005-06-15,2005-06-15,True
H38S1V123,2005-06-15,2005-06-15,True
H38S1V124,2005-06-16,2005-06-16,True
H38S1V125,2005-06-16,2005-06-16,True
H38S1V126,2005-06-20,2005-06-20,True
H38S1V127,2005-06-21,2005-06-21,True
H38S1V128,2005-06-21,2005-06-21,True
H38S1V129,2005-06-21,2005-06-21,True
H38S1V130,2005-06-21,2005-06-21,True
H38S1V131,2005-06-21,2005-06-21,True
H38S1V132,2005-06-21,2005-06-21,True
H38S1V133,2005-06-21,2005-06-21,True
H38S1V134,2005-06-21,2005-06-21,True
H38S1V135,2005-06-22,2005-06-22,True
H38S1V136,2005-06-22,2005-06-22,True
H38S1V137,2005-06-22,2005-06-22,True
H38S1V138,2005-06-22,2005-06-22,True
H38S1V139,2005-06-22,2005-06-22,True
H38S1V140,2005-06-23,2005-06-23,True
H38S1V141,2005-06-23,2005-06-23,True
H38S1V142,2005-06-23,2005-06-23,True
H38S1V143,2005-06-23,2005-06-23,True
H38S1V144,2005-06-23,2005-06-23,True
H38S1V145,2005-06-23,2005-06-23,True
H38S1V146,2005-06-23,2005-06-23,True
H38S1V147,2005-06-27,2005-06-27,True
H38S1V148,2005-06-27,2005-06-27,True
H38S1V149,2005-06-27,2005-06-27,True
H38S1V150,2005-06-27,2005-06-27,True
H38S1V151,2005-06-27,2005-06-27,True
H38S1V152,2005-06-27,2005-06-27,True
H38S1V153,2005-06-28,2005-06-27,False
H38S1V154,2005-06-27,2005-06-27,True
H38S1V155,2005-06-28,2005-06-28,True
H38S1V156,2005-06-28,2005-06-28,True
H38S1V157,2005-09-28,2005-09-28,True
H38S1V158,2005-09-28,2005-09-28,True
H38S1V159,2005-09-28,2005-09-28,True
H38S1V160,2005-09-28,2005-09-28,True
H38S1V161,2005-10-05,2005-10-05,True
H38S1V162,2005-10-05,2005-10-05,True
H38S1V163,2005-10-05,2005-10-05,True
H38S1V164,2005-10-05,2005-10-05,True
H38S1V165,2005-10-05,2005-10-05,True
H38S1V166,2005-10-05,2005-10-05,True
H38S1V167,2005-10-05,2005-10-05,True
H38S1V168,2005-10-05,2005-10-05,True
H38S1V169,2005-10-05,2005-10-05,True
H38S1V170,2005-10-05,2005-10-05,True
H38S1V171,2005-10-18,2005-10-18,True
H38S1V172,2005-10-18,2005-10-18,True
H38S1V173,2005-10-25,2005-10-25,True
H38S1V174,2005-10-25,2005-10-25,True
H38S1V175,2005-10-26,2005-10-26,True
H38S1V176,2005-10-26,2005-10-26,True
H38S1V177,2005-10-26,2005-10-26,True
H38S1V178,2005-10-26,2005-10-26,True
H38S1V179,2005-11-02,2005-11-02,True
H38S1V180,2005-11-15,2005-11-15,True
H38S1V181,2005-11-15,2005-11-15,True
H38S1V182,2005-11-21,2005-11-21,True
H38S1V183,2005-11-22,2005-11-22,True
H38S1V184,2005-11-23,2005-11-23,True
H38S1V185,2005-11-23,2005-11-23,True
H38S1V186,2005-11-23,2005-11-23,True
H38S1V187,2005-11-23,2005-11-23,True
H38S1V188,2005-11-23,2005-11-23,True
H38S1V189,2005-11-23,2005-11-23,True
H38S1V190,2005-11-28,2005-11-28,True
H39S1V001,2006-05-08,2006-05-08,True
H39S1V002,2006-05-08,2006-05-08,True
H39S1V003,2006-05-08,2006-05-08,True
H39S1V004,2006-05-08,2006-05-08,True
H39S1V005,2006-05-09,2006-05-09,True
H39S1V006,2006-05-10,2006-05-10,True
H39S1V007,2006-05-16,2006-05-16,True
H39S1V008,2006-05-16,2006-05-16,True
H39S1V009,2006-05-17,2006-05-17,True
H39S1V010,2006-05-30,2006-05-30,True
H39S1V011,2006-06-05,2006-06-05,True
H39S1V012,2006-06-06,2006-06-06,True
H39S1V013,2006-06-06,2006-06-06,True
H39S1V014,2006-06-06,2006-06-06,True
H39S1V015,2006-06-07,2006-06-07,True
H39S1V016,2006-06-13,2006-06-13,True
H39S1V017,2006-06-13,2006-06-13,True
H39S1V018,2006-06-13,2006-06-13,True
H39S1V019,2006-06-13,2006-06-13,True
H39S1V020,2006-06-20,2006-06-20,True
H39S1V021,2006-06-20,2006-06-20,True
H39S1V022,2006-06-20,2006-06-20,True
H39S1V023,2006-06-20,2006-06-20,True
H39S1V024,2006-06-20,2006-06-20,True
H39S1V025,2006-06-21,2006-06-21,True
H39S1V026,2006-06-21,2006-06-21,True
H39S1V027,2006-06-21,2006-06-21,True
H39S1V028,2006-06-21,2006-06-21,True
H39S1V029,2006-06-21,2006-06-21,True
H39S1V030,2006-06-21,2006-06-21,True
H39S1V031,2006-06-21,2006-06-21,True
H39S1V032,2006-06-21,2006-06-21,True
H39S1V033,2006-09-19,2006-09-19,True
H39S1V034,2006-09-20,2006-09-20,True
H39S1V035,2006-09-27,2006-09-27,True
H39S1V036,2006-10-03,2006-10-03,True
H39S1V037,2006-10-04,2006-10-04,True
H39S1V038,2006-10-04,2006-10-04,True
H39S1V039,2006-10-04,2006-10-04,True
H39S1V040,2006-10-16,2006-10-16,True
H39S1V041,2006-10-16,2006-10-16,True
H39S1V042,2006-10-18,2006-10-18,True
H39S1V043,2006-10-18,2006-10-18,True
H39S1V044,2006-10-18,2006-10-18,True
H39S1V045,2006-10-18,2006-10-18,True
H39S1V046,2006-10-24,2006-10-24,True
H39S1V047,2006-10-24,2006-10-24,True
H39S1V048,2006-10-25,2006-10-25,True
H39S1V049,2006-10-25,2006-10-25,True
H39S1V050,2006-10-25,2006-10-25,True
H39S1V051,2006-10-25,2006-10-25,True
H39S1V052,2006-11-01,2006-11-01,True
H39S1V053,2006-11-01,2006-11-01,True
H39S1V054,2006-11-01,2006-11-01,True
H39S1V055,2006-11-07,2006-11-07,True
H39S1V056,2006-11-07,2006-11-07,True
H39S1V057,2006-11-07,2006-11-07,True
H39S1V058,2006-11-07,2006-11-07,True
H39S1V059,2006-11-07,2006-11-07,True
H39S1V060,2006-11-08,2006-11-08,True
H39S1V061,2006-11-08,2006-11-08,True
H39S1V062,2006-11-08,2006-11-08,True
H39S1V063,2006-11-08,2006-11-08,True
H39S1V064,2006-11-21,2006-11-21,True
H39S1V065,2006-11-21,2006-11-21,True
H39S1V066,2006-11-21,2006-11-21,True
H39S1V067,2006-11-21,2006-11-21,True
H39S1V068,2006-11-22,2006-11-22,True
H39S1V069,2006-11-22,2006-11-22,True
H39S1V070,2006-11-22,2006-11-22,True
H39S1V071,2006-11-22,2006-11-22,True
H39S1V072,2006-11-27,2006-11-27,True
H39S1V073,2006-11-27,2006-11-27,True
H39S1V074,2006-11-27,2006-11-27,True
H39S1V075,2006-11-28,2006-11-28,True
H39S1V076,2006-11-28,2006-11-28,True
H39S1V077,2006-11-28,2006-11-28,True
H39S1V078,2006-11-28,2006-11-28,True
H39S1V079,2006-12-04,2006-12-04,True
H39S1V080,2006-12-04,2006-12-04,True
H39S1V081,2006-12-04,2006-12-04,True
H39S1V082,2006-12-04,2006-12-04,True
H39S1V083,2006-12-04,2006-12-04,True
H39S1V084,2006-12-04,2006-12-04,True
H39S1V085,2006-12-04,2006-12-04,True
H39S1V086,2006-12-04,2006-12-04,True
H39S1V087,2006-12-04,2006-12-04,True
H39S1V088,2006-12-04,2006-12-04,True
H39S1V089,2006-12-04,2006-12-04,True
H39S1V090,2006-12-04,2006-12-04,True
H39S1V091,2006-12-05,2006-12-05,True
H39S1V092,2006-12-05,2006-12-05,True
H39S1V093,2006-12-06,2006-12-06,True
H39S1V094,2006-12-07,2006-12-07,True
H39S1V095,2006-12-12,2006-12-12,True
H39S1V096,2006-12-12,2006-12-12,True
H39S1V097,2007-01-31,2007-01-31,True
H39S1V098,2007-02-05,2007-02-05,True
H39S1V099,2007-02-06,2007-02-06,True
H39S1V100,2007-02-06,2007-02-06,True
H39S1V101,2007-02-06,2007-02-06,True
H39S1V102,2007-02-06,2007-02-06,True
H39S1V103,2007-02-06,2007-02-06,True
H39S1V104,2007-02-13,2007-02-13,True
H39S1V105,2007-02-13,2007-02-13,True
H39S1V106,2007-02-13,2007-02-13,True
H39S1V107,2007-02-13,2007-02-13,True
H39S1V108,2007-02-14,2007-02-14,True
H39S1V109,2007-02-14,2007-02-14,True
H39S1V110,2007-02-14,2007-02-14,True
H39S1V111,2007-02-14,2007-02-14,True
H39S1V112,2007-02-14,2007-02-14,True
H39S1V113,2007-02-14,2007-02-14,True
H39S1V114,2007-02-20,2007-02-20,True
H39S1V115,2007-02-20,2007-02-20,True
H39S1V116,2007-02-20,2007-02-20,True
H39S1V117,2007-02-20,2007-02-20,True
H39S1V118,2007-02-20,2007-02-20,True
H39S1V119,2007-02-21,2007-02-21,True
H39S1V120,2007-02-21,2007-02-21,True
H39S1V121,2007-02-21,2007-02-21,True
H39S1V122,2007-02-21,2007-02-21,True
H39S1V123,2007-02-21,2007-02-21,True
H39S1V124,2007-02-21,2007-02-21,True
H39S1V125,2007-02-27,2007-02-27,True
H39S1V126,2007-02-27,2007-02-27,True
H39S1V127,2007-02-27,2007-02-27,True
H39S1V128,2007-02-28,2007-02-28,True
H39S1V129,2007-03-20,2007-03-20,True
H39S1V130,2007-03-21,2007-03-21,True
H39S1V131,2007-03-21,2007-03-21,True
H39S1V132,2007-03-21,2007-03-21,True
H39S1V133,2007-03-21,2007-03-21,True
H39S1V134,2007-03-21,2007-03-21,True
H39S1V135,2007-03-21,2007-03-21,True
H39S1V136,2007-03-21,2007-03-21,True
H39S1V137,2007-03-22,2007-03-22,True
H39S1V138,2007-03-26,2007-03-26,True
H39S1V139,2007-03-27,2007-03-27,True
H39S1V140,2007-03-27,2007-03-27,True
H39S1V141,2007-03-28,2007-03-28,True
H39S1V142,2007-03-28,2007-03-28,True
H39S1V143,2007-03-28,2007-03-28,True
H39S1V144,2007-03-28,2007-03-28,True
H39S1V145,2007-03-28,2007-03-28,True
H39S1V146,2007-03-28,2007-03-28,True
H39S1V147,2007-03-28,2007-03-28,True
H39S1V148,2007-03-28,2007-03-28,True
H39S1V149,2007-03-28,2007-03-28,True
H39S1V150,2007-03-28,2007-03-28,True
H39S1V151,2007-03-28,2007-03-28,True
H39S1V152,2007-04-17,2007-04-17,True
H39S1V153,2007-04-17,2007-04-17,True
H39S1V154,2007-04-17,2007-04-17,True
H39S1V155,2007-04-17,2007-04-17,True
H39S1V156,2007-04-18,2007-04-18,True
H39S1V157,2007-04-18,2007-04-18,True
H39S1V158,2007-04-18,2007-04-18,True
H39S1V159,2007-04-18,2007-04-18,True
H39S1V160,2007-04-24,2007-04-24,True
H39S1V161,2007-04-24,2007-04-24,True
H39S1V162,2007-04-24,2007-04-24,True
H39S1V163,2007-04-25,2007-04-25,True
H39S1V164,2007-04-25,2007-04-25,True
H39S1V165,2007-04-25,2007-04-25,True
H39S1V166,2007-04-30,2007-04-30,True
H39S1V167,2007-05-01,2007-05-01,True
H39S1V168,2007-05-01,2007-05-01,True
H39S1V169,2007-05-02,2007-05-02,True
H39S1V170,2007-05-02,2007-05-02,True
H39S1V171,2007-05-02,2007-05-02,True
H39S1V172,2007-05-07,2007-05-07,True
H39S1V173,2007-05-07,2007-05-07,True
H39S1V174,2007-05-07,2007-05-07,True
H39S1V175,2007-05-07,2007-05-07,True
H39S1V176,2007-05-07,2007-05-07,True
H39S1V177,2007-05-07,2007-05-07,True
H39S1V178,2007-05-07,2007-05-07,True
H39S1V179,2007-05-07,2007-05-07,True
H39S1V180,2007-05-08,2007-05-08,True
H39S1V181,2007-05-08,2007-05-08,True
H39S1V182,2007-05-09,2007-05-09,True
H39S1V183,2007-05-09,2007-05-09,True
H39S1V184,2007-05-09,2007-05-09,True
H39S1V185,2007-05-15,2007-05-15,True
H39S1V186,2007-05-15,2007-05-15,True
H39S1V187,2007-05-15,2007-05-15,True
H39S1V188,2007-05-15,2007-05-15,True
H39S1V189,2007-05-15,2007-05-15,True
H39S1V190,2007-05-29,2007-05-29,True
H39S1V191,2007-05-29,2007-05-29,True
H39S1V192,2007-05-30,2007-05-30,True
H39S1V193,2007-05-30,2007-05-30,True
H39S1V194,2007-06-04,2007-06-04,True
H39S1V195,2007-06-05,2007-06-05,True
H39S1V196,2007-06-05,2007-06-05,True
H39S1V197,2007-06-06,2007-06-06,True
H39S1V198,2007-06-06,2007-06-06,True
H39S1V199,2007-06-07,2007-06-07,True
H39S1V200,2007-06-12,2007-06-12,True
H39S1V201,2007-06-12,2007-06-12,True
H39S1V202,2007-06-12,2007-06-12,True
H39S1V203,2007-06-13,2007-06-13,True
H39S1V204,2007-06-13,2007-06-13,True
H39S1V205,2007-06-13,2007-06-13,True
H39S1V206,2007-06-14,2007-06-14,True
H39S1V207,2007-06-18,2007-06-18,True
H39S1V208,2007-06-18,2007-06-18,True
H39S1V209,2007-06-19,2007-06-19,True
H39S1V210,2007-06-20,2007-06-20,True
H39S1V211,2007-06-20,2007-06-20,True
H39S1V212,2007-06-20,2007-06-20,True
H39S1V213,2007-06-20,2007-06-20,True
H39S1V214,2007-06-20,2007-06-20,True
H39S1V215,2007-06-20,2007-06-20,True
H39S1V216,2007-06-20,2007-06-20,True
H39S1V217,2007-06-20,2007-06-20,True
H39S1V218,2007-06-20,2007-06-20,True
H39S1V219,2007-06-20,2007-06-20,True
H39S2V001,2007-10-18,2007-10-18,True
H39S2V002,2007-10-22,2007-10-22,True
H39S2V003,2007-10-24,2007-10-24,True
H39S2V004,2007-10-24,2007-10-24,True
H39S2V005,2007-10-30,2007-10-30,True
H39S2V006,2007-10-30,2007-10-30,True
H39S2V007,2007-10-31,2007-10-31,True
H39S2V008,2007-11-14,2007-11-14,True
H39S2V009,2007-11-14,2007-11-14,True
H39S2V010,2007-11-20,2007-11-20,True
H39S2V011,2007-11-21,2007-11-21,True
H39S2V012,2007-11-21,2007-11-21,True
H39S2V013,2007-11-21,2007-11-21,True
H39S2V014,2007-11-26,2007-11-26,True
H39S2V015,2007-11-26,2007-11-26,True
H39S2V016,2007-11-28,2007-11-28,True
H39S2V017,2007-11-28,2007-11-28,True
H39S2V018,2007-11-28,2007-11-28,True
H39S2V019,2007-12-04,2007-12-04,True
H39S2V020,2007-12-05,2007-12-05,True
H39S2V021,2007-12-06,2007-12-06,True
H39S2V022,2007-12-06,2007-12-06,True
H39S2V023,2007-12-10,2007-12-10,True
H39S2V024,2007-12-10,2007-12-10,True
H39S2V025,2007-12-11,2007-12-11,True
H39S2V026,2007-12-12,2007-12-12,True
H39S2V027,2007-12-12,2007-12-12,True
H39S2V028,2007-12-12,2007-12-12,True
H39S2V029,2007-12-12,2007-12-12,True
H39S2V030,2007-12-13,2007-12-13,True
H39S2V031,2008-01-30,2008-01-30,True
H39S2V032,2008-02-04,2008-02-04,True
H39S2V033,2008-02-04,2008-02-04,True
H39S2V034,2008-02-05,2008-02-05,True
H39S2V035,2008-02-05,2008-02-05,True
H39S2V036,2008-02-05,2008-02-05,True
H39S2V037,2008-02-06,2008-02-06,True
H39S2V038,2008-02-06,2008-02-06,True
H39S2V039,2008-02-06,2008-02-06,True
H39S2V040,2008-02-12,2008-02-12,True
H39S2V041,2008-02-13,2008-02-13,True
H39S2V042,2008-02-13,2008-02-13,True
H39S2V043,2008-02-28,2008-02-28,True
H39S2V044,2008-03-03,2008-03-03,True
H39S2V045,2008-03-03,2008-03-03,True
H39S2V046,2008-03-03,2008-03-03,True
H39S2V047,2008-03-04,2008-03-04,True
H39S2V048,2008-03-05,2008-03-05,True
H39S2V049,2008-03-05,2008-03-05,True
H39S2V050,2008-03-05,2008-03-05,True
H39S2V051,2008-03-05,2008-03-05,True
H39S2V052,2008-03-05,2008-03-05,True
H39S2V053,2008-03-05,2008-03-05,True
H39S2V054,2008-03-05,2008-03-05,True
H39S2V055,2008-03-05,2008-03-05,True
H39S2V056,2008-03-05,2008-03-05,True
H39S2V057,2008-03-05,2008-03-05,True
H39S2V058,2008-03-05,2008-03-05,True
H39S2V059,2008-03-05,2008-03-05,True
H39S2V060,2008-03-05,2008-03-05,True
H39S2V061,2008-03-06,2008-03-06,True
H39S2V062,2008-03-10,2008-03-10,True
H39S2V063,2008-03-11,2008-03-11,True
H39S2V064,2008-03-12,2008-03-12,True
H39S2V065,2008-03-12,2008-03-12,True
H39S2V066,2008-03-12,2008-03-12,True
H39S2V067,2008-03-12,2008-03-12,True
H39S2V068,2008-03-12,2008-03-12,True
H39S2V069,2008-03-12,2008-03-12,True
H39S2V070,2008-03-12,2008-03-12,True
H39S2V071,2008-03-12,2008-03-12,True
H39S2V072,2008-03-12,2008-03-12,True
H39S2V073,2008-03-12,2008-03-12,True
H39S2V074,2008-03-13,2008-03-13,True
H39S2V075,2008-03-13,2008-03-13,True
H39S2V076,2008-03-13,2008-03-13,True
H39S2V077,2008-03-31,2008-03-31,True
H39S2V078,2008-04-01,2008-04-01,True
H39S2V079,2008-04-02,2008-04-02,True
H39S2V080,2008-04-02,2008-04-02,True
H39S2V081,2008-04-08,2008-04-08,True
H39S2V082,2008-04-08,2008-04-08,True
H39S2V083,2008-04-09,2008-04-09,True
H39S2V084,2008-04-09,2008-04-09,True
H39S2V085,2008-04-09,2008-04-09,True
H39S2V086,2008-04-09,2008-04-09,True
H39S2V087,2008-04-09,2008-04-09,True
H39S2V088,2008-04-10,2008-04-10,True
H39S2V089,2008-04-10,2008-04-10,True
H39S2V090,2008-04-16,2008-04-16,True
H39S2V091,2008-04-16,2008-04-16,True
H39S2V092,2008-04-16,2008-04-16,True
H39S2V093,2008-04-29,2008-04-29,True
H39S2V094,2008-05-01,2008-05-01,True
H39S2V095,2008-05-01,2008-05-01,True
H39S2V096,2008-05-06,2008-05-06,True
H39S2V097,2008-05-06,2008-05-06,True
H39S2V098,2008-05-06,2008-05-06,True
H39S2V099,2008-05-06,2008-05-06,True
H39S2V100,2008-05-06,2008-05-06,True
H39S2V101,2008-05-06,2008-05-06,True
H39S2V102,2008-05-06,2008-05-06,True
H39S2V103,2008-05-06,2008-05-06,True
H39S2V104,2008-05-06,2008-05-06,True
H39S2V105,2008-05-06,2008-05-06,True
H39S2V106,2008-05-07,2008-05-07,True
H39S2V107,2008-05-07,2008-05-07,True
H39S2V108,2008-05-07,2008-05-07,True
H39S2V109,2008-05-12,2008-05-12,True
H39S2V110,2008-05-14,2008-05-14,True
H39S2V111,2008-05-15,2008-05-15,True
H39S2V112,2008-05-26,2008-05-26,True
H39S2V113,2008-05-27,2008-05-27,True
H39S2V114,2008-05-28,2008-05-28,True
H39S2V115,2008-05-28,2008-05-28,True
H39S2V116,2008-05-28,2008-05-28,True
H39S2V117,2008-05-28,2008-05-28,True
H39S2V118,2008-05-29,2008-05-29,True
H39S2V119,2008-06-02,2008-06-02,True
H39S2V120,2008-06-02,2008-06-02,True
H39S2V121,2008-06-02,2008-06-02,True
H39S2V122,2008-06-03,2008-06-03,True
H39S2V123,2008-06-04,2008-06-04,True
H39S2V124,2008-06-04,2008-06-04,True
H39S2V125,2008-06-04,2008-06-04,True
H39S2V126,2008-06-04,2008-06-04,True
H39S2V127,2008-06-04,2008-06-04,True
H39S2V128,2008-06-04,2008-06-04,True
H39S2V129,2008-06-04,2008-06-04,True
H39S2V130,2008-06-04,2008-06-04,True
H39S2V131,2008-06-05,2008-06-05,True
H39S2V132,2008-06-05,2008-06-05,True
H39S2V133,2008-06-05,2008-06-05,True
H39S2V134,2008-06-05,2008-06-05,True
H39S2V135,2008-06-05,2008-06-05,True
H39S2V136,2008-06-05,2008-06-05,True
H39S2V137,2008-06-05,2008-06-05,True
H39S2V138,2008-06-05,2008-06-05,True
H39S2V139,2008-06-05,2008-06-05,True
H39S2V140,2008-06-05,2008-06-05,True
H39S2V141,2008-06-09,2008-06-09,True
H39S2V142,2008-06-09,2008-06-09,True
H39S2V143,2008-06-10,2008-06-10,True
H39S2V144,2008-06-10,2008-06-10,True
H39S2V145,2008-06-10,2008-06-10,True
H39S2V146,2008-06-10,2008-06-10,True
H39S2V147,2008-06-10,2008-06-10,True
H39S2V148,2008-06-10,2008-06-10,True
H39S2V149,2008-06-12,2008-06-12,True
H39S2V150,2008-06-12,2008-06-12,True
H39S2V151,2008-06-12,2008-06-12,True
H39S2V152,2008-06-12,2008-06-12,True
H39S2V153,2008-06-12,2008-06-12,True
H39S2V154,2008-06-12,2008-06-12,True
H39S2V155,2008-06-12,2008-06-12,True
H39S2V156,2008-06-12,2008-06-12,True
H39S2V157,2008-06-17,2008-06-17,True
H39S2V158,2008-06-18,2008-06-18,True
H39S2V159,2008-06-18,2008-06-18,True
H39S2V160,2008-06-18,2008-06-18,True
H39S2V161,2008-06-19,2008-06-19,True
H40S1V001,2008-11-24,2008-11-24,True
H40S2V001,2009-01-29,2009-01-29,True
H40S2V002,2009-02-02,2009-02-02,True
H40S2V003,2009-02-03,2009-02-03,True
H40S2V004,2009-02-05,2009-02-05,True
H40S2V005,2009-02-05,2009-02-05,True
H40S2V006,2009-02-12,2009-02-12,True
H40S2V007,2009-02-12,2009-02-12,True
H40S2V008,2009-02-12,2009-02-12,True
H40S2V009,2009-02-12,2009-02-12,True
H40S2V010,2009-02-12,2009-02-12,True
H40S2V011,2009-02-12,2009-02-12,True
H40S2V012,2009-02-24,2009-02-24,True
H40S2V013,2009-02-26,2009-02-26,True
H40S2V014,2009-03-03,2009-03-03,True
H40S2V015,2009-03-03,2009-03-03,True
H40S2V016,2009-03-03,2009-03-03,True
H40S2V017,2009-03-03,2009-03-03,True
H40S2V018,2009-03-03,2009-03-03,True
H40S2V019,2009-03-03,2009-03-03,True
H40S2V020,2009-03-03,2009-03-03,True
H40S2V021,2009-03-03,2009-03-03,True
H40S2V022,2009-03-03,2009-03-03,True
H40S2V023,2009-03-04,2009-03-04,True
H40S2V024,2009-03-04,2009-03-04,True
H40S2V025,2009-03-10,2009-03-10,True
H40S2V026,2009-03-10,2009-03-10,True
H40S2V027,2009-03-10,2009-03-10,True
H40S2V028,2009-03-12,2009-03-12,True
H40S2V029,2009-03-12,2009-03-12,True
H40S2V030,2009-03-23,2009-03-23,True
H40S2V031,2009-03-23,2009-03-23,True
H40S2V032,2009-03-24,2009-03-24,True
H40S2V033,2009-03-24,2009-03-24,True
H40S2V034,2009-03-24,2009-03-24,True
H40S2V035,2009-03-24,2009-03-24,True
H40S2V036,2009-03-24,2009-03-24,True
H40S2V037,2009-03-24,2009-03-24,True
H40S2V038,2009-03-24,2009-03-24,True
H40S2V039,2009-03-24,2009-03-24,True
H40S2V040,2009-03-24,2009-03-24,True
H40S2V041,2009-03-25,2009-03-25,True
H40S2V042,2009-03-26,2009-03-26,True
H40S2V043,2009-03-30,2009-03-30,True
H40S2V044,2009-03-30,2009-03-30,True
H40S2V045,2009-03-30,2009-03-30,True
H40S2V046,2009-03-31,2009-03-31,True
H40S2V047,2009-04-01,2009-04-01,True
H40S2V048,2009-04-22,2009-04-22,True
H40S2V049,2009-04-22,2009-04-22,True
H40S2V050,2009-04-22,2009-04-22,True
H40S2V051,2009-04-22,2009-04-22,True
H40S2V052,2009-04-23,2009-04-23,True
H40S2V053,2009-04-27,2009-04-27,True
H40S2V054,2009-04-27,2009-04-27,True
H40S2V055,2009-04-27,2009-04-27,True
H40S2V056,2009-04-29,2009-04-29,True
H40S2V057,2009-04-29,2009-04-29,True
H40S2V058,2009-04-29,2009-04-29,True
H40S2V059,2009-05-05,2009-05-05,True
H40S2V060,2009-05-06,2009-05-06,True
H40S2V061,2009-05-06,2009-05-06,True
H40S2V062,2009-05-06,2009-05-06,True
H40S2V063,2009-05-06,2009-05-06,True
H40S2V064,2009-05-06,2009-05-06,True
H40S2V065,2009-05-13,2009-05-13,True
H40S2V066,2009-05-13,2009-05-13,True
H40S2V067,2009-05-13,2009-05-13,True
H40S2V068,2009-05-25,2009-05-25,True
H40S2V069,2009-05-27,2009-05-27,True
H40S2V070,2009-05-27,2009-05-27,True
H40S2V071,2009-05-27,2009-05-27,True
H40S2V072,2009-06-01,2009-06-01,True
H40S2V073,2009-06-03,2009-06-03,True
H40S2V074,2009-06-03,2009-06-03,True
H40S2V075,2009-06-03,2009-06-03,True
H40S2V076,2009-06-03,2009-06-03,True
H40S2V077,2009-06-03,2009-06-03,True
H40S2V078,2009-06-03,2009-06-03,True
H40S2V079,2009-06-03,2009-06-03,True
H40S2V080,2009-06-03,2009-06-03,True
H40S2V081,2009-06-08,2009-06-08,True
H40S2V082,2009-06-08,2009-06-08,True
H40S2V083,2009-06-09,2009-06-09,True
H40S2V084,2009-06-10,2009-06-10,True
H40S2V085,2009-06-10,2009-06-10,True
H40S2V086,2009-06-10,2009-06-10,True
H40S2V087,2009-06-10,2009-06-10,True
H40S2V088,2009-06-10,2009-06-10,True
H40S2V089,2009-06-16,2009-06-16,True
H40S2V090,2009-06-16,2009-06-16,True
H40S2V091,2009-06-16,2009-06-16,True
H40S2V092,2009-06-17,2009-06-17,True
H40S2V093,2009-06-17,2009-06-17,True
H40S2V094,2009-06-17,2009-06-17,True
H40S2V095,2009-06-19,2009-06-19,True
H40S2V096,2009-06-19,2009-06-19,True
H40S2V097,2009-06-19,2009-06-19,True
H40S2V098,2009-06-19,2009-06-19,True
H40S2V099,2009-06-19,2009-06-19,True
H40S2V100,2009-06-19,2009-06-19,True
H40S2V101,2009-06-19,2009-06-19,True
H40S2V102,2009-06-19,2009-06-19,True
H40S2V103,2009-06-19,2009-06-19,True
H40S2V104,2009-09-18,2009-09-18,True
H40S2V105,2009-09-29,2009-09-29,True
H40S2V106,2009-09-30,2009-09-30,True
H40S2V107,2009-09-30,2009-09-30,True
H40S2V108,2009-09-30,2009-09-30,True
H40S2V109,2009-09-30,2009-09-30,True
H40S2V110,2009-10-01,2009-10-01,True
H40S2V111,2009-10-07,2009-10-07,True
H40S2V112,2009-10-07,2009-10-07,True
H40S2V113,2009-10-08,2009-10-08,True
H40S2V114,2009-10-20,2009-10-20,True
H40S2V115,2009-10-21,2009-10-21,True
H40S2V116,2009-10-21,2009-10-21,True
H40S2V117,2009-10-26,2009-10-26,True
H40S2V118,2009-10-26,2009-10-26,True
H40S2V119,2009-10-28,2009-10-28,True
H40S2V120,2009-10-28,2009-10-28,True
H40S2V121,2009-11-02,2009-11-02,True
H40S2V122,2009-11-02,2009-11-02,True
H40S2V123,2009-11-03,2009-11-03,True
H40S2V124,2009-11-04,2009-11-04,True
H40S2V125,2009-11-04,2009-11-04,True
H40S2V126,2009-11-04,2009-11-04,True
H40S2V127,2009-11-04,2009-11-04,True
H40S2V128,2009-11-17,2009-11-17,True
H40S2V129,2009-11-18,2009-11-18,True
H40S2V130,2009-11-18,2009-11-18,True
H40S2V131,2009-11-19,2009-11-19,True
H40S2V132,2009-11-23,2009-11-23,True
H40S2V133,2009-11-24,2009-11-24,True
H40S2V134,2009-11-25,2009-11-25,True
H40S2V135,2009-11-25,2009-11-25,True
H40S2V136,2009-11-25,2009-11-25,True
H40S2V137,2009-11-25,2009-11-25,True
H40S2V138,2009-11-30,2009-11-30,True
H40S2V139,2009-12-01,2009-12-01,True
H40S2V140,2009-12-02,2009-12-02,True
H40S2V141,2009-12-02,2009-12-02,True
H40S2V142,2009-12-02,2009-12-02,True
H40S2V143,2009-12-03,2009-12-03,True
H40S2V144,2009-12-03,2009-12-03,True
H40S2V145,2009-12-07,2009-12-07,True
H40S2V146,2009-12-07,2009-12-07,True
H40S2V147,2009-12-07,2009-12-07,True
H40S2V148,2009-12-08,2009-12-08,True
H40S2V149,2009-12-09,2009-12-09,True
H40S2V150,2009-12-09,2009-12-09,True
H40S2V151,2009-12-09,2009-12-09,True
H40S2V152,2009-12-09,2009-12-09,True
H40S2V153,2009-12-09,2009-12-09,True
H40S2V154,2009-12-10,2009-12-10,True
H40S2V155,2009-12-10,2009-12-10,True
H40S2V156,2009-12-10,2009-12-10,True
H40S2V157,2009-12-10,2009-12-10,True
H40S2V158,2009-12-10,2009-12-10,True
H40S3V001,2010-03-09,2010-03-09,True
H40S3V002,2010-03-09,2010-03-09,True
H40S3V003,2010-03-10,2010-03-10,True
H40S3V004,2010-03-16,2010-03-16,True
H40S3V005,2010-03-16,2010-03-16,True
H40S3V006,2010-03-17,2010-03-17,True
H40S3V007,2010-03-23,2010-03-23,True
H40S3V008,2010-03-23,2010-03-23,True
H40S3V009,2010-03-23,2010-03-23,True
H40S3V010,2010-03-23,2010-03-23,True
H40S3V011,2010-03-23,2010-03-23,True
H40S3V012,2010-03-23,2010-03-23,True
H40S3V013,2010-03-23,2010-03-23,True
H40S3V014,2010-03-23,2010-03-23,True
H40S3V015,2010-03-23,2010-03-23,True
H40S3V016,2010-03-23,2010-03-23,True
H40S3V017,2010-03-24,2010-03-24,True
H40S3V018,2010-03-24,2010-03-24,True
H40S3V019,2010-03-31,2010-03-31,True
H40S3V020,2010-03-31,2010-03-31,True
H40S3V021,2010-04-14,2010-04-14,True
H40S3V022,2010-04-14,2010-04-14,True
H40S3V023,2010-04-14,2010-04-14,True
H40S3V024,2010-04-14,2010-04-14,True
H40S3V025,2010-04-14,2010-04-14,True
H40S3V026,2010-04-16,2010-04-16,True
H40S3V027,2010-04-19,2010-04-19,True
H40S3V028,2010-04-19,2010-04-19,True
H40S3V029,2010-04-19,2010-04-19,True
H40S3V030,2010-04-21,2010-04-21,True
H40S3V031,2010-04-21,2010-04-21,True
H40S3V032,2010-04-21,2010-04-21,True
H40S3V033,2010-04-21,2010-04-21,True
H40S3V034,2010-04-21,2010-04-21,True
H40S3V035,2010-04-22,2010-04-22,True
H40S3V036,2010-04-27,2010-04-27,True
H40S3V037,2010-04-28,2010-04-28,True
H40S3V038,2010-04-28,2010-04-28,True
H40S3V039,2010-04-28,2010-04-28,True
H40S3V040,2010-04-28,2010-04-28,True
H40S3V041,2010-05-05,2010-05-05,True
H40S3V042,2010-05-05,2010-05-05,True
H40S3V043,2010-05-05,2010-05-05,True
H40S3V044,2010-05-05,2010-05-05,True
H40S3V045,2010-05-05,2010-05-05,True
H40S3V046,2010-05-05,2010-05-05,True
H40S3V047,2010-05-05,2010-05-05,True
H40S3V048,2010-05-11,2010-05-11,True
H40S3V049,2010-05-26,2010-05-26,True
H40S3V050,2010-05-26,2010-05-26,True
H40S3V051,2010-05-31,2010-05-31,True
H40S3V052,2010-06-01,2010-06-01,True
H40S3V053,2010-06-01,2010-06-01,True
H40S3V054,2010-06-02,2010-06-02,True
H40S3V055,2010-06-03,2010-06-03,True
H40S3V056,2010-06-07,2010-06-07,True
H40S3V057,2010-06-07,2010-06-07,True
H40S3V058,2010-06-07,2010-06-07,True
H40S3V059,2010-06-07,2010-06-07,True
H40S3V060,2010-06-07,2010-06-07,True
H40S3V061,2010-06-07,2010-06-07,True
H40S3V062,2010-06-07,2010-06-07,True
H40S3V063,2010-06-08,2010-06-08,True
H40S3V064,2010-06-09,2010-06-09,True
H40S3V065,2010-06-09,2010-06-09,True
H40S3V066,2010-06-09,2010-06-09,True
H40S3V067,2010-06-09,2010-06-09,True
H40S3V068,2010-06-09,2010-06-09,True
H40S3V069,2010-06-09,2010-06-09,True
H40S3V070,2010-06-09,2010-06-09,True
H40S3V071,2010-06-09,2010-06-09,True
H40S3V072,2010-06-09,2010-06-09,True
H40S3V073,2010-06-14,2010-06-14,True
H40S3V074,2010-06-14,2010-06-14,True
H40S3V075,2010-06-16,2010-06-16,True
H40S3V076,2010-06-16,2010-06-16,True
H40S3V077,2010-06-17,2010-06-17,True
H40S3V078,2010-06-17,2010-06-17,True
H40S3V079,2010-06-17,2010-06-17,True
H40S3V080,2010-06-17,2010-06-17,True
H40S3V081,2010-06-17,2010-06-17,True
H40S3V082,2010-06-17,2010-06-17,True
H40S3V083,2010-06-17,2010-06-17,True
H40S3V084,2010-06-17,2010-06-17,True
H40S3V085,2010-06-17,2010-06-17,True
H40S3V086,2010-06-17,2010-06-17,True
H40S3V087,2010-09-22,2010-09-22,True
H40S3V088,2010-09-22,2010-09-22,True
H40S3V089,2010-09-27,2010-09-27,True
H40S3V090,2010-09-29,2010-09-29,True
H40S3V091,2010-09-29,2010-09-29,True
H40S3V092,2010-09-29,2010-09-29,True
H40S3V093,2010-09-29,2010-09-29,True
H40S3V094,2010-09-29,2010-09-29,True
H40S3V095,2010-09-29,2010-09-29,True
H40S3V096,2010-10-06,2010-10-06,True
H40S3V097,2010-10-06,2010-10-06,True
H40S3V098,2010-10-06,2010-10-06,True
H40S3V099,2010-10-20,2010-10-20,True
H40S3V100,2010-10-20,2010-10-20,True
H40S3V101,2010-10-20,2010-10-20,True
H40S3V102,2010-10-20,2010-10-20,True
H40S3V103,2010-10-26,2010-10-26,True
H40S3V104,2010-10-26,2010-10-26,True
H40S3V105,2010-10-26,2010-10-26,True
H40S3V106,2010-10-26,2010-10-26,True
H40S3V107,2010-10-27,2010-10-27,True
H40S3V108,2010-10-27,2010-10-27,True
H40S3V109,2010-10-27,2010-10-27,True
H40S3V110,2010-10-27,2010-10-27,True
H40S3V111,2010-10-27,2010-10-27,True
H40S3V112,2010-10-27,2010-10-27,True
H40S3V113,2010-10-27,2010-10-27,True
H40S3V114,2010-10-27,2010-10-27,True
H40S3V115,2010-10-27,2010-10-27,True
H40S3V116,2010-10-27,2010-10-27,True
H40S3V117,2010-10-27,2010-10-27,True
H40S3V118,2010-10-27,2010-10-27,True
H40S3V119,2010-10-27,2010-10-27,True
H40S3V120,2010-10-27,2010-10-27,True
H40S3V121,2010-10-27,2010-10-27,True
H40S3V122,2010-10-27,2010-10-27,True
H40S3V123,2010-10-27,2010-10-27,True
H40S3V124,2010-10-27,2010-10-27,True
H40S3V125,2010-10-27,2010-10-27,True
H40S3V126,2010-11-04,2010-11-04,True
H40S3V127,2010-11-16,2010-11-16,True
H40S3V128,2010-11-16,2010-11-16,True
H40S3V129,2010-11-23,2010-11-23,True
H40S3V130,2010-11-24,2010-11-24,True
H40S3V131,2010-11-24,2010-11-24,True
H40S3V132,2010-11-30,2010-11-30,True
H40S3V133,2010-12-01,2010-12-01,True
H40S3V134,2010-12-01,2010-12-01,True
H40S3V135,2010-12-01,2010-12-01,True
H40S3V136,2010-12-01,2010-12-01,True
H40S3V137,2010-12-01,2010-12-01,True
H40S3V138,2010-12-07,2010-12-07,True
H40S3V139,2010-12-07,2010-12-07,True
H40S3V140,2010-12-08,2010-12-08,True
H40S3V141,2010-12-08,2010-12-08,True
H40S3V142,2010-12-09,2010-12-09,True
H40S3V143,2010-12-09,2010-12-09,True
H40S3V144,2010-12-09,2010-12-09,True
H40S3V145,2010-12-09,2010-12-09,True
H40S3V146,2010-12-09,2010-12-09,True
H40S3V147,2010-12-14,2010-12-14,True
H40S3V148,2010-12-14,2010-12-14,True
H40S3V149,2010-12-14,2010-12-14,True
H40S3V150,2010-12-14,2010-12-14,True
H40S3V151,2010-12-15,2010-12-15,True
H40S3V152,2010-12-15,2010-12-15,True
H40S3V153,2011-02-02,2011-02-02,True
H40S3V154,2011-02-02,2011-02-02,True
H40S3V155,2011-02-02,2011-02-02,True
H40S3V156,2011-02-07,2011-02-07,True
H40S3V157,2011-02-07,2011-02-07,True
H40S3V158,2011-02-07,2011-02-07,True
H40S3V159,2011-02-07,2011-02-07,True
H40S3V160,2011-02-07,2011-02-07,True
H40S3V161,2011-02-07,2011-02-07,True
H40S3V162,2011-02-09,2011-02-09,True
H40S3V163,2011-02-09,2011-02-09,True
H40S3V164,2011-02-09,2011-02-09,True
H40S3V165,2011-02-09,2011-02-09,True
H40S3V166,2011-02-09,2011-02-09,True
H40S3V167,2011-02-09,2011-02-09,True
H40S3V168,2011-02-09,2011-02-09,True
H40S3V169,2011-02-09,2011-02-09,True
H40S3V170,2011-02-09,2011-02-09,True
H40S3V171,2011-02-09,2011-02-09,True
H40S3V172,2011-02-09,2011-02-09,True
H40S3V173,2011-02-09,2011-02-09,True
H40S3V174,2011-02-09,2011-02-09,True
H40S3V175,2011-02-09,2011-02-09,True
H40S3V176,2011-02-09,2011-02-09,True
H40S3V177,2011-02-09,2011-02-09,True
H40S3V178,2011-02-11,2011-02-11,True
H40S3V179,2011-02-14,2011-02-14,True
H40S3V180,2011-02-14,2011-02-14,True
H40S3V181,2011-02-14,2011-02-14,True
H40S3V182,2011-02-15,2011-02-15,True
H40S3V183,2011-02-16,2011-02-16,True
H40S3V184,2011-02-16,2011-02-16,True
H40S3V185,2011-02-16,2011-02-16,True
H40S3V186,2011-02-16,2011-02-16,True
H40S3V187,2011-02-28,2011-02-28,True
H40S3V188,2011-03-01,2011-03-01,True
H40S3V189,2011-03-02,2011-03-02,True
H40S3V190,2011-03-02,2011-03-02,True
H40S3V191,2011-03-02,2011-03-02,True
H40S3V192,2011-03-02,2011-03-02,True
H40S3V193,2011-03-02,2011-03-02,True
H40S3V194,2011-03-02,2011-03-02,True
H40S3V195,2011-03-08,2011-03-08,True
H40S3V196,2011-03-08,2011-03-08,True
H40S3V197,2011-03-08,2011-03-08,True
H40S3V198,2011-03-09,2011-03-09,True
H40S3V199,2011-03-09,2011-03-09,True
H40S3V200,2011-03-09,2011-03-09,True
H40S3V201,2011-03-09,2011-03-09,True
H40S3V202,2011-03-10,2011-03-10,True
H40S3V203,2011-03-23,2011-03-23,True
H40S3V204,2011-03-25,2011-03-25,True
