session,category,bill,divisions,with_dissent,dissent_rate
38-1,government_bill,C-12,1,0,0.0
38-1,government_bill,C-13,1,0,0.0
38-1,government_bill,C-14,2,0,0.0
38-1,government_bill,C-17,1,1,100.0
38-1,government_bill,C-2,1,0,0.0
38-1,government_bill,C-21,1,0,0.0
38-1,government_bill,C-22,3,0,0.0
38-1,government_bill,C-23,3,0,0.0
38-1,government_bill,C-24,2,0,0.0
38-1,government_bill,C-25,2,0,0.0
38-1,government_bill,C-28,1,1,100.0
38-1,government_bill,C-3,1,0,0.0
38-1,government_bill,C-30,4,4,100.0
38-1,government_bill,C-31,1,0,0.0
38-1,government_bill,C-32,1,0,0.0
38-1,government_bill,C-38,1,1,100.0
38-1,government_bill,C-43,11,0,0.0
38-1,government_bill,C-48,11,0,0.0
38-1,government_bill,C-5,3,0,0.0
38-1,government_bill,C-6,2,1,50.0
38-1,government_bill,C-63,1,0,0.0
38-1,government_bill,C-64,1,0,0.0
38-1,government_bill,C-65,1,0,0.0
38-1,government_bill,C-7,1,1,100.0
38-1,government_bill,C-9,3,0,0.0
38-1,private_members_business,C-206,1,1,100.0
38-1,private_members_business,C-215,1,1,100.0
38-1,private_members_business,C-236,1,1,100.0
38-1,private_members_business,C-248,1,1,100.0
38-1,private_members_business,C-251,1,1,100.0
38-1,private_members_business,C-259,1,1,100.0
38-1,private_members_business,C-260,1,0,0.0
38-1,private_members_business,C-263,1,1,100.0
38-1,private_members_business,C-265,1,1,100.0
38-1,private_members_business,C-272,1,1,100.0
38-1,private_members_business,C-274,1,1,100.0
38-1,private_members_business,C-275,1,1,100.0
38-1,private_members_business,C-278,1,1,100.0
38-1,private_members_business,C-280,1,1,100.0
38-1,private_members_business,C-283,1,1,100.0
38-1,private_members_business,C-293,1,1,100.0
38-1,private_members_business,C-301,1,0,0.0
38-1,private_members_business,C-312,1,1,100.0
38-1,private_members_business,C-313,1,1,100.0
38-1,private_members_business,C-360,1,1,100.0
38-1,private_members_business,C-363,1,1,100.0
38-1,private_members_business,C-380,1,1,100.0
38-1,private_members_business,S-14,1,0,0.0
38-1,private_members_business,S-3,1,0,0.0
39-1,government_bill,C-10,10,0,0.0
39-1,government_bill,C-11,3,0,0.0
39-1,government_bill,C-16,1,0,0.0
39-1,government_bill,C-17,2,0,0.0
39-1,government_bill,C-2,11,0,0.0
39-1,government_bill,C-24,16,0,0.0
39-1,government_bill,C-26,2,0,0.0
39-1,government_bill,C-3,1,0,0.0
39-1,government_bill,C-31,5,0,0.0
39-1,government_bill,C-35,1,0,0.0
39-1,government_bill,C-45,1,0,0.0
39-1,government_bill,C-46,2,0,0.0
39-1,government_bill,C-5,2,0,0.0
39-1,government_bill,C-52,4,1,25.0
39-1,government_bill,C-53,1,0,0.0
39-1,government_bill,C-6,10,0,0.0
39-1,government_bill,C-9,2,0,0.0
39-1,private_members_business,C-207,1,0,0.0
39-1,private_members_business,C-222,1,1,100.0
39-1,private_members_business,C-252,1,0,0.0
39-1,private_members_business,C-253,1,1,100.0
39-1,private_members_business,C-257,4,4,100.0
39-1,private_members_business,C-265,1,1,100.0
39-1,private_members_business,C-269,2,1,50.0
39-1,private_members_business,C-277,1,0,0.0
39-1,private_members_business,C-278,2,1,50.0
39-1,private_members_business,C-279,1,0,0.0
39-1,private_members_business,C-280,3,0,0.0
39-1,private_members_business,C-283,1,0,0.0
39-1,private_members_business,C-284,1,1,100.0
39-1,private_members_business,C-285,1,0,0.0
39-1,private_members_business,C-288,6,0,0.0
39-1,private_members_business,C-290,1,0,0.0
39-1,private_members_business,C-292,3,0,0.0
39-1,private_members_business,C-293,10,10,100.0
39-1,private_members_business,C-294,2,0,0.0
39-1,private_members_business,C-298,1,1,100.0
39-1,private_members_business,C-299,2,0,0.0
39-1,private_members_business,C-300,1,1,100.0
39-1,private_members_business,C-303,1,0,0.0
39-1,private_members_business,C-304,1,0,0.0
39-1,private_members_business,C-327,1,1,100.0
39-1,private_members_business,C-343,1,0,0.0
39-1,private_members_business,C-377,1,0,0.0
39-1,private_members_business,S-211,1,1,100.0
39-1,private_members_business,S-220,1,0,0.0
39-2,government_bill,C-13,1,0,0.0
39-2,government_bill,C-2,2,0,0.0
39-2,government_bill,C-20,1,0,0.0
39-2,government_bill,C-23,1,0,0.0
39-2,government_bill,C-25,1,0,0.0
39-2,government_bill,C-26,1,0,0.0
39-2,government_bill,C-28,4,0,0.0
39-2,government_bill,C-29,5,0,0.0
39-2,government_bill,C-3,4,0,0.0
39-2,government_bill,C-33,4,0,0.0
39-2,government_bill,C-34,1,1,100.0
39-2,government_bill,C-5,9,0,0.0
39-2,government_bill,C-50,6,0,0.0
39-2,government_bill,C-55,1,0,0.0
39-2,government_bill,C-9,1,0,0.0
39-2,private_members_business,C-207,5,0,0.0
39-2,private_members_business,C-251,1,1,100.0
39-2,private_members_business,C-253,5,0,0.0
39-2,private_members_business,C-284,1,0,0.0
39-2,private_members_business,C-287,2,0,0.0
39-2,private_members_business,C-303,1,0,0.0
39-2,private_members_business,C-357,1,0,0.0
39-2,private_members_business,C-377,6,0,0.0
39-2,private_members_business,C-378,1,1,100.0
39-2,private_members_business,C-393,1,0,0.0
39-2,private_members_business,C-394,1,0,0.0
39-2,private_members_business,C-411,1,0,0.0
39-2,private_members_business,C-426,1,0,0.0
39-2,private_members_business,C-445,1,0,0.0
39-2,private_members_business,C-474,1,1,100.0
39-2,private_members_business,C-482,1,0,0.0
39-2,private_members_business,C-484,1,1,100.0
39-2,private_members_business,C-490,1,0,0.0
39-2,private_members_business,C-505,1,0,0.0
39-2,private_members_business,C-513,1,0,0.0
39-2,private_members_business,C-517,1,1,100.0
39-2,private_members_business,S-203,4,0,0.0
40-2,government_bill,C-10,10,0,0.0
40-2,government_bill,C-11,2,0,0.0
40-2,government_bill,C-15,3,0,0.0
40-2,government_bill,C-2,5,0,0.0
40-2,government_bill,C-20,1,0,0.0
40-2,government_bill,C-23,1,0,0.0
40-2,government_bill,C-24,2,0,0.0
40-2,government_bill,C-36,2,0,0.0
40-2,government_bill,C-42,1,0,0.0
40-2,government_bill,C-50,4,0,0.0
40-2,government_bill,C-51,2,0,0.0
40-2,government_bill,C-52,1,0,0.0
40-2,government_bill,C-62,5,0,0.0
40-2,government_bill,C-8,1,0,0.0
40-2,government_bill,C-9,2,0,0.0
40-2,private_members_business,C-201,1,0,0.0
40-2,private_members_business,C-232,1,0,0.0
40-2,private_members_business,C-241,1,0,0.0
40-2,private_members_business,C-268,4,0,0.0
40-2,private_members_business,C-273,1,1,100.0
40-2,private_members_business,C-279,1,0,0.0
40-2,private_members_business,C-280,1,0,0.0
40-2,private_members_business,C-288,1,0,0.0
40-2,private_members_business,C-290,1,0,0.0
40-2,private_members_business,C-291,2,0,0.0
40-2,private_members_business,C-300,1,1,100.0
40-2,private_members_business,C-302,1,1,100.0
40-2,private_members_business,C-304,1,1,100.0
40-2,private_members_business,C-306,1,0,0.0
40-2,private_members_business,C-307,1,0,0.0
40-2,private_members_business,C-308,1,0,0.0
40-2,private_members_business,C-309,1,0,0.0
40-2,private_members_business,C-310,1,0,0.0
40-2,private_members_business,C-311,1,0,0.0
40-2,private_members_business,C-391,1,0,0.0
40-2,private_members_business,C-392,1,0,0.0
40-2,private_members_business,C-393,1,1,100.0
40-2,private_members_business,C-395,1,0,0.0
40-3,government_bill,C-17,1,0,0.0
40-3,government_bill,C-2,6,0,0.0
40-3,government_bill,C-22,1,0,0.0
40-3,government_bill,C-39,1,0,0.0
40-3,government_bill,C-42,3,0,0.0
40-3,government_bill,C-46,7,0,0.0
40-3,government_bill,C-47,2,0,0.0
40-3,government_bill,C-5,1,0,0.0
40-3,government_bill,C-59,2,0,0.0
40-3,government_bill,C-9,9,0,0.0
40-3,government_bill,S-6,6,0,0.0
40-3,private_members_business,C-201,2,2,100.0
40-3,private_members_business,C-232,1,0,0.0
40-3,private_members_business,C-241,1,0,0.0
40-3,private_members_business,C-280,1,0,0.0
40-3,private_members_business,C-288,1,0,0.0
40-3,private_members_business,C-290,1,0,0.0
40-3,private_members_business,C-300,15,0,0.0
40-3,private_members_business,C-302,1,1,100.0
40-3,private_members_business,C-304,1,0,0.0
40-3,private_members_business,C-308,1,0,0.0
40-3,private_members_business,C-309,1,0,0.0
40-3,private_members_business,C-311,2,0,0.0
40-3,private_members_business,C-343,2,0,0.0
40-3,private_members_business,C-384,1,1,100.0
40-3,private_members_business,C-386,1,1,100.0
40-3,private_members_business,C-389,2,2,100.0
40-3,private_members_business,C-393,1,1,100.0
40-3,private_members_business,C-395,1,0,0.0
40-3,private_members_business,C-429,2,0,0.0
40-3,private_members_business,C-440,1,0,0.0
40-3,private_members_business,C-444,1,0,0.0
40-3,private_members_business,C-449,1,0,0.0
40-3,private_members_business,C-469,1,0,0.0
40-3,private_members_business,C-470,1,1,100.0
40-3,private_members_business,C-471,1,0,0.0
40-3,private_members_business,C-473,2,2,100.0
40-3,private_members_business,C-474,12,1,8.333333
40-3,private_members_business,C-475,2,0,0.0
40-3,private_members_business,C-501,2,2,100.0
40-3,private_members_business,C-507,1,0,0.0
40-3,private_members_business,C-509,1,0,0.0
40-3,private_members_business,C-510,1,1,100.0
40-3,private_members_business,C-530,1,0,0.0
40-3,private_members_business,C-568,1,0,0.0
40-3,private_members_business,C-575,1,0,0.0
40-3,private_members_business,S-210,1,0,0.0
41-1,government_bill,C-10,16,0,0.0
41-1,government_bill,C-11,26,0,0.0
41-1,government_bill,C-13,7,0,0.0
41-1,government_bill,C-15,2,0,0.0
41-1,government_bill,C-18,17,0,0.0
41-1,government_bill,C-19,14,0,0.0
41-1,government_bill,C-20,5,0,0.0
41-1,government_bill,C-21,1,0,0.0
41-1,government_bill,C-23,1,0,0.0
41-1,government_bill,C-24,2,0,0.0
41-1,government_bill,C-25,4,0,0.0
41-1,government_bill,C-27,6,0,0.0
41-1,government_bill,C-28,1,0,0.0
41-1,government_bill,C-3,4,0,0.0
41-1,government_bill,C-31,26,0,0.0
41-1,government_bill,C-33,3,0,0.0
41-1,government_bill,C-36,2,0,0.0
41-1,government_bill,C-37,2,0,0.0
41-1,government_bill,C-38,160,0,0.0
41-1,government_bill,C-39,3,0,0.0
41-1,government_bill,C-42,3,0,0.0
41-1,government_bill,C-43,9,0,0.0
41-1,government_bill,C-44,2,0,0.0
41-1,government_bill,C-45,49,0,0.0
41-1,government_bill,C-48,1,0,0.0
41-1,government_bill,C-49,4,0,0.0
41-1,government_bill,C-51,3,0,0.0
41-1,government_bill,C-52,1,0,0.0
41-1,government_bill,C-54,1,0,0.0
41-1,government_bill,C-55,1,0,0.0
41-1,government_bill,C-6,4,0,0.0
41-1,government_bill,C-60,18,0,0.0
41-1,government_bill,S-10,1,0,0.0
41-1,government_bill,S-11,2,0,0.0
41-1,government_bill,S-2,4,0,0.0
41-1,government_bill,S-5,1,0,0.0
41-1,government_bill,S-7,2,0,0.0
41-1,government_bill,S-8,3,0,0.0
41-1,government_bill,S-9,1,0,0.0
41-1,private_members_business,C-215,1,0,0.0
41-1,private_members_business,C-217,1,0,0.0
41-1,private_members_business,C-266,1,0,0.0
41-1,private_members_business,C-267,1,1,100.0
41-1,private_members_business,C-273,1,1,100.0
41-1,private_members_business,C-279,5,5,100.0
41-1,private_members_business,C-280,1,1,100.0
41-1,private_members_business,C-288,2,0,0.0
41-1,private_members_business,C-291,1,0,0.0
41-1,private_members_business,C-293,3,0,0.0
41-1,private_members_business,C-299,5,0,0.0
41-1,private_members_business,C-300,1,0,0.0
41-1,private_members_business,C-304,3,0,0.0
41-1,private_members_business,C-305,1,0,0.0
41-1,private_members_business,C-306,1,1,100.0
41-1,private_members_business,C-307,1,1,100.0
41-1,private_members_business,C-308,1,0,0.0
41-1,private_members_business,C-309,3,0,0.0
41-1,private_members_business,C-310,1,0,0.0
41-1,private_members_business,C-311,1,0,0.0
41-1,private_members_business,C-312,1,0,0.0
41-1,private_members_business,C-314,2,0,0.0
41-1,private_members_business,C-315,1,0,0.0
41-1,private_members_business,C-316,4,0,0.0
41-1,private_members_business,C-321,1,0,0.0
41-1,private_members_business,C-326,1,0,0.0
41-1,private_members_business,C-350,3,0,0.0
41-1,private_members_business,C-370,3,0,0.0
41-1,private_members_business,C-377,5,2,40.0
41-1,private_members_business,C-380,1,1,100.0
41-1,private_members_business,C-383,3,0,0.0
41-1,private_members_business,C-394,3,0,0.0
41-1,private_members_business,C-398,1,1,100.0
41-1,private_members_business,C-399,1,0,0.0
41-1,private_members_business,C-400,1,0,0.0
41-1,private_members_business,C-419,2,0,0.0
41-1,private_members_business,C-420,1,1,100.0
41-1,private_members_business,C-424,1,0,0.0
41-1,private_members_business,C-425,1,0,0.0
41-1,private_members_business,C-427,1,1,100.0
41-1,private_members_business,C-428,1,0,0.0
41-1,private_members_business,C-429,1,0,0.0
41-1,private_members_business,C-452,1,0,0.0
41-1,private_members_business,C-457,1,0,0.0
41-1,private_members_business,C-458,1,0,0.0
41-1,private_members_business,C-459,1,0,0.0
41-1,private_members_business,C-460,1,1,100.0
41-1,private_members_business,C-462,1,0,0.0
41-1,private_members_business,C-463,1,0,0.0
41-1,private_members_business,C-464,1,1,100.0
41-1,private_members_business,C-476,1,0,0.0
41-1,private_members_business,C-478,1,0,0.0
41-1,private_members_business,C-480,1,0,0.0
41-1,private_members_business,S-206,1,0,0.0
41-1,private_members_business,S-209,2,2,100.0
41-1,private_members_business,S-213,1,0,0.0
41-2,government_bill,C-13,4,0,0.0
41-2,government_bill,C-15,2,0,0.0
41-2,government_bill,C-18,4,0,0.0
41-2,government_bill,C-2,5,0,0.0
41-2,government_bill,C-20,4,0,0.0
41-2,government_bill,C-21,1,0,0.0
41-2,government_bill,C-23,18,0,0.0
41-2,government_bill,C-24,5,0,0.0
41-2,government_bill,C-26,1,0,0.0
41-2,government_bill,C-27,1,0,0.0
41-2,government_bill,C-31,22,0,0.0
41-2,government_bill,C-32,2,0,0.0
41-2,government_bill,C-33,1,0,0.0
41-2,government_bill,C-35,1,0,0.0
41-2,government_bill,C-36,4,0,0.0
41-2,government_bill,C-4,19,0,0.0
41-2,government_bill,C-40,2,0,0.0
41-2,government_bill,C-41,2,0,0.0
41-2,government_bill,C-42,1,0,0.0
41-2,government_bill,C-43,7,0,0.0
41-2,government_bill,C-44,3,0,0.0
41-2,government_bill,C-46,1,0,0.0
41-2,government_bill,C-5,2,0,0.0
41-2,government_bill,C-50,1,0,0.0
41-2,government_bill,C-51,6,0,0.0
41-2,government_bill,C-59,13,0,0.0
41-2,government_bill,C-6,4,0,0.0
41-2,government_bill,C-7,1,0,0.0
41-2,government_bill,S-2,3,0,0.0
41-2,government_bill,S-4,5,0,0.0
41-2,government_bill,S-6,5,0,0.0
41-2,government_bill,S-7,3,0,0.0
41-2,private_members_business,C-201,1,0,0.0
41-2,private_members_business,C-208,1,0,0.0
41-2,private_members_business,C-247,2,0,0.0
41-2,private_members_business,C-356,1,1,100.0
41-2,private_members_business,C-428,3,0,0.0
41-2,private_members_business,C-473,1,0,0.0
41-2,private_members_business,C-474,1,1,100.0
41-2,private_members_business,C-475,1,0,0.0
41-2,private_members_business,C-479,2,0,0.0
41-2,private_members_business,C-481,1,0,0.0
41-2,private_members_business,C-483,2,0,0.0
41-2,private_members_business,C-486,1,1,100.0
41-2,private_members_business,C-489,1,0,0.0
41-2,private_members_business,C-504,1,0,0.0
41-2,private_members_business,C-513,1,0,0.0
41-2,private_members_business,C-518,3,2,66.666667
41-2,private_members_business,C-520,5,3,60.0
41-2,private_members_business,C-524,1,0,0.0
41-2,private_members_business,C-525,5,0,0.0
41-2,private_members_business,C-539,1,1,100.0
41-2,private_members_business,C-555,1,0,0.0
41-2,private_members_business,C-560,1,1,100.0
41-2,private_members_business,C-565,1,0,0.0
41-2,private_members_business,C-567,1,1,100.0
41-2,private_members_business,C-568,1,0,0.0
41-2,private_members_business,C-571,1,1,100.0
41-2,private_members_business,C-574,1,0,0.0
41-2,private_members_business,C-579,1,0,0.0
41-2,private_members_business,C-583,2,0,0.0
41-2,private_members_business,C-584,1,0,0.0
41-2,private_members_business,C-586,2,2,100.0
41-2,private_members_business,C-587,1,0,0.0
41-2,private_members_business,C-588,1,1,100.0
41-2,private_members_business,C-591,1,0,0.0
41-2,private_members_business,C-597,1,1,100.0
41-2,private_members_business,C-603,1,1,100.0
41-2,private_members_business,C-608,1,0,0.0
41-2,private_members_business,C-613,1,0,0.0
41-2,private_members_business,C-622,1,1,100.0
41-2,private_members_business,C-624,1,1,100.0
41-2,private_members_business,C-625,1,0,0.0
41-2,private_members_business,C-626,1,1,100.0
41-2,private_members_business,C-628,1,0,0.0
41-2,private_members_business,C-636,1,1,100.0
41-2,private_members_business,C-637,1,0,0.0
41-2,private_members_business,C-638,1,1,100.0
41-2,private_members_business,C-640,1,0,0.0
41-2,private_members_business,C-641,1,0,0.0
41-2,private_members_business,C-642,1,0,0.0
41-2,private_members_business,C-643,1,0,0.0
41-2,private_members_business,S-211,2,0,0.0
41-2,private_members_business,S-213,1,0,0.0
41-2,private_members_business,S-219,1,0,0.0
41-2,private_members_business,S-221,1,0,0.0
42-1,government_bill,C-10,5,2,40.0
42-1,government_bill,C-101,1,0,0.0
42-1,government_bill,C-14,3,3,100.0
42-1,government_bill,C-15,7,0,0.0
42-1,government_bill,C-16,1,0,0.0
42-1,government_bill,C-17,1,0,0.0
42-1,government_bill,C-18,1,0,0.0
42-1,government_bill,C-2,3,0,0.0
42-1,government_bill,C-21,1,0,0.0
42-1,government_bill,C-22,11,0,0.0
42-1,government_bill,C-23,3,0,0.0
42-1,government_bill,C-24,5,0,0.0
42-1,government_bill,C-25,2,0,0.0
42-1,government_bill,C-26,6,0,0.0
42-1,government_bill,C-29,8,0,0.0
42-1,government_bill,C-30,4,0,0.0
42-1,government_bill,C-31,2,0,0.0
42-1,government_bill,C-37,6,0,0.0
42-1,government_bill,C-4,5,0,0.0
42-1,government_bill,C-44,15,0,0.0
42-1,government_bill,C-45,8,0,0.0
42-1,government_bill,C-46,3,0,0.0
42-1,government_bill,C-47,6,0,0.0
42-1,government_bill,C-48,5,0,0.0
42-1,government_bill,C-49,8,0,0.0
42-1,government_bill,C-50,5,0,0.0
42-1,government_bill,C-51,1,0,0.0
42-1,government_bill,C-55,4,0,0.0
42-1,government_bill,C-57,5,0,0.0
42-1,government_bill,C-58,4,0,0.0
42-1,government_bill,C-59,8,0,0.0
42-1,government_bill,C-6,3,0,0.0
42-1,government_bill,C-63,13,0,0.0
42-1,government_bill,C-64,2,0,0.0
42-1,government_bill,C-68,5,0,0.0
42-1,government_bill,C-69,13,0,0.0
42-1,government_bill,C-7,4,0,0.0
42-1,government_bill,C-71,4,0,0.0
42-1,government_bill,C-74,34,1,2.941176
42-1,government_bill,C-75,7,0,0.0
42-1,government_bill,C-76,19,0,0.0
42-1,government_bill,C-79,6,0,0.0
42-1,government_bill,C-81,2,0,0.0
42-1,government_bill,C-82,1,0,0.0
42-1,government_bill,C-83,7,0,0.0
42-1,government_bill,C-84,2,0,0.0
42-1,government_bill,C-85,1,1,100.0
42-1,government_bill,C-86,13,0,0.0
42-1,government_bill,C-88,3,0,0.0
42-1,government_bill,C-89,3,2,66.666667
42-1,government_bill,C-91,2,0,0.0
42-1,government_bill,C-93,4,0,0.0
42-1,government_bill,C-97,12,0,0.0
42-1,government_bill,S-2,1,0,0.0
42-1,government_bill,S-3,6,2,33.333333
42-1,private_members_business,C-203,1,1,100.0
42-1,private_members_business,C-210,2,0,0.0
42-1,private_members_business,C-211,1,0,0.0
42-1,private_members_business,C-221,1,1,100.0
42-1,private_members_business,C-223,1,1,100.0
42-1,private_members_business,C-224,1,0,0.0
42-1,private_members_business,C-225,1,0,0.0
42-1,private_members_business,C-227,1,0,0.0
42-1,private_members_business,C-228,1,1,100.0
42-1,private_members_business,C-229,1,0,0.0
42-1,private_members_business,C-230,1,1,100.0
42-1,private_members_business,C-231,1,1,100.0
42-1,private_members_business,C-232,1,1,100.0
42-1,private_members_business,C-234,1,1,100.0
42-1,private_members_business,C-235,1,1,100.0
42-1,private_members_business,C-237,1,1,100.0
42-1,private_members_business,C-238,1,0,0.0
42-1,private_members_business,C-239,1,1,100.0
42-1,private_members_business,C-240,1,1,100.0
42-1,private_members_business,C-241,1,1,100.0
42-1,private_members_business,C-243,2,1,50.0
42-1,private_members_business,C-245,1,1,100.0
42-1,private_members_business,C-246,1,1,100.0
42-1,private_members_business,C-247,1,0,0.0
42-1,private_members_business,C-262,2,0,0.0
42-1,private_members_business,C-266,1,0,0.0
42-1,private_members_business,C-274,1,1,100.0
42-1,private_members_business,C-278,1,0,0.0
42-1,private_members_business,C-281,2,0,0.0
42-1,private_members_business,C-291,1,1,100.0
42-1,private_members_business,C-301,1,1,100.0
42-1,private_members_business,C-305,2,0,0.0
42-1,private_members_business,C-306,1,1,100.0
42-1,private_members_business,C-307,1,0,0.0
42-1,private_members_business,C-308,1,0,0.0
42-1,private_members_business,C-309,1,0,0.0
42-1,private_members_business,C-311,1,0,0.0
42-1,private_members_business,C-315,1,1,100.0
42-1,private_members_business,C-316,1,0,0.0
42-1,private_members_business,C-322,1,0,0.0
42-1,private_members_business,C-323,1,1,100.0
42-1,private_members_business,C-325,1,0,0.0
42-1,private_members_business,C-326,2,0,0.0
42-1,private_members_business,C-330,1,0,0.0
42-1,private_members_business,C-331,1,0,0.0
42-1,private_members_business,C-338,1,0,0.0
42-1,private_members_business,C-342,1,0,0.0
42-1,private_members_business,C-343,1,0,0.0
42-1,private_members_business,C-344,3,0,0.0
42-1,private_members_business,C-345,1,1,100.0
42-1,private_members_business,C-346,1,1,100.0
42-1,private_members_business,C-348,1,0,0.0
42-1,private_members_business,C-349,1,0,0.0
42-1,private_members_business,C-354,2,0,0.0
42-1,private_members_business,C-364,1,1,100.0
42-1,private_members_business,C-365,1,0,0.0
42-1,private_members_business,C-369,2,0,0.0
42-1,private_members_business,C-371,1,0,0.0
42-1,private_members_business,C-373,1,1,100.0
42-1,private_members_business,C-374,1,0,0.0
42-1,private_members_business,C-375,3,0,0.0
42-1,private_members_business,C-376,1,0,0.0
42-1,private_members_business,C-378,1,0,0.0
42-1,private_members_business,C-391,1,0,0.0
42-1,private_members_business,C-392,1,0,0.0
42-1,private_members_business,C-393,1,0,0.0
42-1,private_members_business,C-394,1,0,0.0
42-1,private_members_business,C-395,1,1,100.0
42-1,private_members_business,C-396,1,0,0.0
42-1,private_members_business,C-405,1,0,0.0
42-1,private_members_business,C-406,1,0,0.0
42-1,private_members_business,C-415,1,1,100.0
42-1,private_members_business,C-419,1,1,100.0
42-1,private_members_business,C-420,1,1,100.0
42-1,private_members_business,S-201,4,3,75.0
42-1,private_members_business,S-208,1,1,100.0
42-1,private_members_business,S-210,2,0,0.0
42-1,private_members_business,S-211,2,0,0.0
42-1,private_members_business,S-215,1,1,100.0
42-1,private_members_business,S-217,1,1,100.0
42-1,private_members_business,S-218,1,0,0.0
42-1,private_members_business,S-226,1,0,0.0
42-1,private_members_business,S-228,3,0,0.0
42-1,private_members_business,S-230,1,0,0.0
42-1,private_members_business,S-231,1,0,0.0
42-1,private_members_business,S-232,1,0,0.0
42-1,private_members_business,S-243,1,0,0.0
42-1,private_members_business,S-245,1,0,0.0
43-1,government_bill,C-4,1,0,0.0
43-2,government_bill,C-10,11,0,0.0
43-2,government_bill,C-12,6,1,16.666667
43-2,government_bill,C-14,2,0,0.0
43-2,government_bill,C-15,2,0,0.0
43-2,government_bill,C-18,2,0,0.0
43-2,government_bill,C-19,1,0,0.0
43-2,government_bill,C-29,1,1,100.0
43-2,government_bill,C-3,2,0,0.0
43-2,government_bill,C-30,4,0,0.0
43-2,government_bill,C-4,1,0,0.0
43-2,government_bill,C-5,1,0,0.0
43-2,government_bill,C-6,2,0,0.0
43-2,government_bill,C-7,6,4,66.666667
43-2,government_bill,C-8,1,0,0.0
43-2,government_bill,C-9,2,0,0.0
43-2,private_members_business,C-204,2,2,100.0
43-2,private_members_business,C-205,1,0,0.0
43-2,private_members_business,C-206,2,2,100.0
43-2,private_members_business,C-208,2,2,100.0
43-2,private_members_business,C-210,1,0,0.0
43-2,private_members_business,C-213,1,1,100.0
43-2,private_members_business,C-215,1,0,0.0
43-2,private_members_business,C-216,1,0,0.0
43-2,private_members_business,C-218,1,1,100.0
43-2,private_members_business,C-220,2,0,0.0
43-2,private_members_business,C-221,1,0,0.0
43-2,private_members_business,C-222,1,0,0.0
43-2,private_members_business,C-223,1,0,0.0
43-2,private_members_business,C-224,2,0,0.0
43-2,private_members_business,C-225,1,0,0.0
43-2,private_members_business,C-226,1,0,0.0
43-2,private_members_business,C-228,2,0,0.0
43-2,private_members_business,C-229,1,0,0.0
43-2,private_members_business,C-230,1,0,0.0
43-2,private_members_business,C-231,1,1,100.0
43-2,private_members_business,C-232,1,1,100.0
43-2,private_members_business,C-233,1,0,0.0
43-2,private_members_business,C-234,1,0,0.0
43-2,private_members_business,C-237,2,0,0.0
43-2,private_members_business,C-238,1,1,100.0
43-2,private_members_business,C-253,1,1,100.0
43-2,private_members_business,C-254,1,0,0.0
43-2,private_members_business,C-262,1,1,100.0
43-2,private_members_business,C-265,1,1,100.0
43-2,private_members_business,C-269,1,0,0.0
43-2,private_members_business,C-271,1,0,0.0
43-2,private_members_business,C-272,1,0,0.0
44-1,government_bill,C-10,1,0,0.0
44-1,government_bill,C-11,10,0,0.0
44-1,government_bill,C-12,1,0,0.0
44-1,government_bill,C-13,8,2,25.0
44-1,government_bill,C-18,5,0,0.0
44-1,government_bill,C-19,11,0,0.0
44-1,government_bill,C-2,2,0,0.0
44-1,government_bill,C-20,3,0,0.0
44-1,government_bill,C-21,9,1,11.111111
44-1,government_bill,C-22,2,0,0.0
44-1,government_bill,C-26,1,0,0.0
44-1,government_bill,C-27,2,0,0.0
44-1,government_bill,C-29,6,0,0.0
44-1,government_bill,C-3,1,0,0.0
44-1,government_bill,C-30,1,0,0.0
44-1,government_bill,C-31,6,0,0.0
44-1,government_bill,C-32,5,0,0.0
44-1,government_bill,C-33,2,1,50.0
44-1,government_bill,C-34,5,0,0.0
44-1,government_bill,C-35,4,0,0.0
44-1,government_bill,C-40,2,0,0.0
44-1,government_bill,C-41,1,0,0.0
44-1,government_bill,C-42,4,0,0.0
44-1,government_bill,C-47,13,0,0.0
44-1,government_bill,C-49,5,0,0.0
44-1,government_bill,C-5,5,0,0.0
44-1,government_bill,C-50,53,0,0.0
44-1,government_bill,C-56,6,0,0.0
44-1,government_bill,C-57,4,1,25.0
44-1,government_bill,C-58,2,0,0.0
44-1,government_bill,C-59,22,0,0.0
44-1,government_bill,C-62,3,2,66.666667
44-1,government_bill,C-64,5,0,0.0
44-1,government_bill,C-65,2,0,0.0
44-1,government_bill,C-69,19,0,0.0
44-1,government_bill,C-70,1,0,0.0
44-1,government_bill,C-78,1,0,0.0
44-1,government_bill,C-8,6,1,16.666667
44-1,government_bill,C-9,1,0,0.0
44-1,government_bill,S-12,1,0,0.0
44-1,government_bill,S-5,6,0,0.0
44-1,government_bill,S-8,3,0,0.0
44-1,private_members_business,C-210,1,1,100.0
44-1,private_members_business,C-215,1,0,0.0
44-1,private_members_business,C-216,1,1,100.0
44-1,private_members_business,C-219,1,1,100.0
44-1,private_members_business,C-223,1,1,100.0
44-1,private_members_business,C-224,2,0,0.0
44-1,private_members_business,C-226,3,0,0.0
44-1,private_members_business,C-228,2,1,50.0
44-1,private_members_business,C-230,1,0,0.0
44-1,private_members_business,C-232,2,0,0.0
44-1,private_members_business,C-233,1,0,0.0
44-1,private_members_business,C-234,2,2,100.0
44-1,private_members_business,C-235,2,0,0.0
44-1,private_members_business,C-237,1,0,0.0
44-1,private_members_business,C-238,1,0,0.0
44-1,private_members_business,C-239,1,0,0.0
44-1,private_members_business,C-240,1,1,100.0
44-1,private_members_business,C-241,2,2,100.0
44-1,private_members_business,C-242,2,1,50.0
44-1,private_members_business,C-244,3,0,0.0
44-1,private_members_business,C-245,1,1,100.0
44-1,private_members_business,C-246,1,0,0.0
44-1,private_members_business,C-248,2,2,100.0
44-1,private_members_business,C-249,1,1,100.0
44-1,private_members_business,C-251,1,1,100.0
44-1,private_members_business,C-252,2,0,0.0
44-1,private_members_business,C-253,1,1,100.0
44-1,private_members_business,C-270,1,0,0.0
44-1,private_members_business,C-273,1,0,0.0
44-1,private_members_business,C-275,2,2,100.0
44-1,private_members_business,C-277,1,0,0.0
44-1,private_members_business,C-278,1,0,0.0
44-1,private_members_business,C-280,2,1,50.0
44-1,private_members_business,C-281,4,0,0.0
44-1,private_members_business,C-282,2,2,100.0
44-1,private_members_business,C-283,1,0,0.0
44-1,private_members_business,C-284,2,0,0.0
44-1,private_members_business,C-288,2,0,0.0
44-1,private_members_business,C-289,1,1,100.0
44-1,private_members_business,C-291,2,0,0.0
44-1,private_members_business,C-293,2,0,0.0
44-1,private_members_business,C-294,2,0,0.0
44-1,private_members_business,C-295,2,0,0.0
44-1,private_members_business,C-311,1,0,0.0
44-1,private_members_business,C-314,1,1,100.0
44-1,private_members_business,C-316,1,0,0.0
44-1,private_members_business,C-317,2,0,0.0
44-1,private_members_business,C-318,1,1,100.0
44-1,private_members_business,C-319,1,0,0.0
44-1,private_members_business,C-321,3,0,0.0
44-1,private_members_business,C-322,1,0,0.0
44-1,private_members_business,C-323,3,0,0.0
44-1,private_members_business,C-325,1,0,0.0
44-1,private_members_business,C-332,1,0,0.0
44-1,private_members_business,C-347,1,1,100.0
44-1,private_members_business,C-351,1,0,0.0
44-1,private_members_business,C-352,1,1,100.0
44-1,private_members_business,C-353,1,1,100.0
44-1,private_members_business,C-354,1,0,0.0
44-1,private_members_business,C-355,1,0,0.0
44-1,private_members_business,C-356,1,0,0.0
44-1,private_members_business,C-365,1,1,100.0
44-1,private_members_business,C-368,1,0,0.0
44-1,private_members_business,C-375,1,0,0.0
44-1,private_members_business,C-377,1,1,100.0
44-1,private_members_business,C-378,1,0,0.0
44-1,private_members_business,C-379,1,0,0.0
44-1,private_members_business,C-380,1,0,0.0
44-1,private_members_business,C-381,1,0,0.0
44-1,private_members_business,S-202,3,0,0.0
44-1,private_members_business,S-205,4,1,25.0
44-1,private_members_business,S-207,1,0,0.0
44-1,private_members_business,S-209,2,0,0.0
44-1,private_members_business,S-210,1,1,100.0
44-1,private_members_business,S-211,2,0,0.0
44-1,private_members_business,S-214,1,0,0.0
44-1,private_members_business,S-222,2,0,0.0
44-1,private_members_business,S-223,2,0,0.0
44-1,private_members_business,S-224,2,0,0.0
44-1,private_members_business,S-227,1,0,0.0
44-1,private_members_business,S-242,1,0,0.0
44-1,private_members_business,S-245,1,0,0.0
45-1,government_bill,C-11,10,0,0.0
45-1,government_bill,C-12,4,0,0.0
45-1,government_bill,C-15,9,0,0.0
45-1,government_bill,C-16,4,0,0.0
45-1,government_bill,C-18,1,0,0.0
45-1,government_bill,C-20,1,0,0.0
45-1,government_bill,C-25,1,0,0.0
45-1,government_bill,C-26,1,0,0.0
45-1,government_bill,C-3,4,0,0.0
45-1,government_bill,C-30,3,0,0.0
45-1,government_bill,C-31,3,0,0.0
45-1,government_bill,C-4,1,0,0.0
45-1,government_bill,C-5,13,4,30.769231
45-1,government_bill,C-9,5,1,20.0
45-1,private_members_business,C-220,1,0,0.0
45-1,private_members_business,C-222,1,0,0.0
45-1,private_members_business,C-225,1,0,0.0
45-1,private_members_business,C-226,1,0,0.0
45-1,private_members_business,C-227,1,0,0.0
45-1,private_members_business,C-228,1,0,0.0
45-1,private_members_business,C-231,1,0,0.0
45-1,private_members_business,C-232,1,1,100.0
45-1,private_members_business,C-233,1,1,100.0
45-1,private_members_business,C-237,1,0,0.0
45-1,private_members_business,C-238,1,0,0.0
45-1,private_members_business,C-241,1,0,0.0
45-1,private_members_business,C-242,1,0,0.0
45-1,private_members_business,C-243,1,0,0.0
45-1,private_members_business,C-244,1,0,0.0
45-1,private_members_business,C-245,1,0,0.0
45-1,private_members_business,C-246,1,0,0.0
45-1,private_members_business,C-267,1,0,0.0
45-1,private_members_business,S-210,1,0,0.0
45-1,private_members_business,S-211,1,0,0.0
45-1,private_members_business,S-233,1,0,0.0
