session,division,party,dissenters,names,whip_status,subject
38-1,76,Liberal,35,Raymond Bonin (Nickel Belt); Ken Boshcoff (Thunder Bay—Rainy River); Gerry Byrne (Humber—St. Barbe—Baie Verte); John Cannis (Scarborough Centre); Gary Carr (Halton); Brenda Chamberlain (Guelph); Roy Cullen (Etobicoke North); Rodger Cuzner (Cape Breton—Canso); Roger Gallaway (Sarnia—Lambton); Charles Hubbard (Miramichi); Jim Karygiannis (Scarborough—Agincourt); Wajid Khan (Mississauga—Streetsville); Walt Lastewka (St. Catharines); Derek Lee (Scarborough—Rouge River); Judi Longfield (Whitby—Oshawa); Lawrence MacAulay (Cardigan); Gurbax Malhi (Bramalea—Gore—Malton); John Maloney (Welland); Bill Matthews (Random—Burin—St. George's); John McKay (Scarborough—Guildwood); Dan McTeague (Pickering—Scarborough East); Pat O'Brien (London—Fanshawe); Massimo Pacetti (Saint-Léonard—Saint-Michel); Bernard Patry (Pierrefonds—Dollard); Andy Savoy (Tobique—Mactaquac); Francis Scarpaleggia (Lac-Saint-Louis); Raymond Simard (Saint Boniface); Scott Simms (Bonavista—Gander—Grand Falls—Windsor); Paul Steckle (Huron—Bruce); Paul Szabo (Mississauga South); Alan Tonks (York South—Weston); Rose-Marie Ur (Lambton—Kent—Middlesex); Tom Wappel (Scarborough Southwest); Bryon Wilfert (Richmond Hill); Paul Zed (Saint John),documented_free,"2nd reading of Bill C-38, An Act respecting certain aspects of legal capacity for marriage for civil purposes"
38-1,56,Liberal,34,Raymond Bonin (Nickel Belt); Ken Boshcoff (Thunder Bay—Rainy River); Gerry Byrne (Humber—St. Barbe—Baie Verte); John Cannis (Scarborough Centre); Gary Carr (Halton); Brenda Chamberlain (Guelph); Roy Cullen (Etobicoke North); Rodger Cuzner (Cape Breton—Canso); Roger Gallaway (Sarnia—Lambton); Charles Hubbard (Miramichi); Jim Karygiannis (Scarborough—Agincourt); Wajid Khan (Mississauga—Streetsville); David Kilgour (Edmonton—Mill Woods—Beaumont); Walt Lastewka (St. Catharines); Derek Lee (Scarborough—Rouge River); Judi Longfield (Whitby—Oshawa); Lawrence MacAulay (Cardigan); Gurbax Malhi (Bramalea—Gore—Malton); John Maloney (Welland); Bill Matthews (Random—Burin—St. George's); John McKay (Scarborough—Guildwood); Dan McTeague (Pickering—Scarborough East); Pat O'Brien (London—Fanshawe); Massimo Pacetti (Saint-Léonard—Saint-Michel); Andy Savoy (Tobique—Mactaquac); Francis Scarpaleggia (Lac-Saint-Louis); Raymond Simard (Saint Boniface); Scott Simms (Bonavista—Gander—Grand Falls—Windsor); Paul Steckle (Huron—Bruce); Paul Szabo (Mississauga South); Alan Tonks (York South—Weston); Rose-Marie Ur (Lambton—Kent—Middlesex); Tom Wappel (Scarborough Southwest); Bryon Wilfert (Richmond Hill),documented_free,"2nd reading of Bill C-38, An Act respecting certain aspects of legal capacity for marriage for civil purposes (reasoned amendment)"
38-1,156,Liberal,32,Raymond Bonin (Nickel Belt); Ken Boshcoff (Thunder Bay—Rainy River); John Cannis (Scarborough Centre); Gary Carr (Halton); Brenda Chamberlain (Guelph); Joe Comuzzi (Thunder Bay—Superior North); Rodger Cuzner (Cape Breton—Canso); Roger Gallaway (Sarnia—Lambton); Charles Hubbard (Miramichi); Jim Karygiannis (Scarborough—Agincourt); Wajid Khan (Mississauga—Streetsville); Walt Lastewka (St. Catharines); Derek Lee (Scarborough—Rouge River); Judi Longfield (Whitby—Oshawa); Lawrence MacAulay (Cardigan); Gurbax Malhi (Bramalea—Gore—Malton); John Maloney (Welland); Bill Matthews (Random—Burin—St. George's); John McKay (Scarborough—Guildwood); Dan McTeague (Pickering—Scarborough East); Massimo Pacetti (Saint-Léonard—Saint-Michel); Andy Savoy (Tobique—Mactaquac); Francis Scarpaleggia (Lac-Saint-Louis); Raymond Simard (Saint Boniface); Scott Simms (Bonavista—Gander—Grand Falls—Windsor); Paul Steckle (Huron—Bruce); Paul Szabo (Mississauga South); Alan Tonks (York South—Weston); Rose-Marie Ur (Lambton—Kent—Middlesex); Tom Wappel (Scarborough Southwest); Bryon Wilfert (Richmond Hill); Paul Zed (Saint John),documented_free,"3rd reading and adoption of Bill C-38, An Act respecting certain aspects of legal capacity for marriage for civil purposes"
38-1,155,Liberal,29,Raymond Bonin (Nickel Belt); Ken Boshcoff (Thunder Bay—Rainy River); John Cannis (Scarborough Centre); Gary Carr (Halton); Brenda Chamberlain (Guelph); Roger Gallaway (Sarnia—Lambton); Charles Hubbard (Miramichi); Jim Karygiannis (Scarborough—Agincourt); Wajid Khan (Mississauga—Streetsville); Walt Lastewka (St. Catharines); Judi Longfield (Whitby—Oshawa); Lawrence MacAulay (Cardigan); Gurbax Malhi (Bramalea—Gore—Malton); John Maloney (Welland); Bill Matthews (Random—Burin—St. George's); John McKay (Scarborough—Guildwood); Dan McTeague (Pickering—Scarborough East); Massimo Pacetti (Saint-Léonard—Saint-Michel); Andy Savoy (Tobique—Mactaquac); Francis Scarpaleggia (Lac-Saint-Louis); Raymond Simard (Saint Boniface); Scott Simms (Bonavista—Gander—Grand Falls—Windsor); Paul Steckle (Huron—Bruce); Paul Szabo (Mississauga South); Alan Tonks (York South—Weston); Rose-Marie Ur (Lambton—Kent—Middlesex); Tom Wappel (Scarborough Southwest); Bryon Wilfert (Richmond Hill); Paul Zed (Saint John),unresolved,"Bill C-38, An Act respecting certain aspects of legal capacity for marriage for civil purposes (recommittal to a committee)"
38-1,154,Liberal,24,Raymond Bonin (Nickel Belt); Ken Boshcoff (Thunder Bay—Rainy River); Rodger Cuzner (Cape Breton—Canso); Charles Hubbard (Miramichi); Jim Karygiannis (Scarborough—Agincourt); Wajid Khan (Mississauga—Streetsville); Walt Lastewka (St. Catharines); Derek Lee (Scarborough—Rouge River); Judi Longfield (Whitby—Oshawa); Lawrence MacAulay (Cardigan); Gurbax Malhi (Bramalea—Gore—Malton); John Maloney (Welland); John McKay (Scarborough—Guildwood); Dan McTeague (Pickering—Scarborough East); Massimo Pacetti (Saint-Léonard—Saint-Michel); Andy Savoy (Tobique—Mactaquac); Francis Scarpaleggia (Lac-Saint-Louis); Raymond Simard (Saint Boniface); Scott Simms (Bonavista—Gander—Grand Falls—Windsor); Paul Szabo (Mississauga South); Alan Tonks (York South—Weston); Rose-Marie Ur (Lambton—Kent—Middlesex); Tom Wappel (Scarborough Southwest); Bryon Wilfert (Richmond Hill),documented_free,"Concurrence at report stage of Bill C-38, An Act respecting certain aspects of legal capacity for marriage for civil purposes"
38-1,149,Liberal,22,Raymond Bonin (Nickel Belt); Ken Boshcoff (Thunder Bay—Rainy River); Rodger Cuzner (Cape Breton—Canso); Charles Hubbard (Miramichi); Jim Karygiannis (Scarborough—Agincourt); Walt Lastewka (St. Catharines); Derek Lee (Scarborough—Rouge River); Judi Longfield (Whitby—Oshawa); Lawrence MacAulay (Cardigan); Gurbax Malhi (Bramalea—Gore—Malton); John Maloney (Welland); John McKay (Scarborough—Guildwood); Dan McTeague (Pickering—Scarborough East); Massimo Pacetti (Saint-Léonard—Saint-Michel); Andy Savoy (Tobique—Mactaquac); Francis Scarpaleggia (Lac-Saint-Louis); Raymond Simard (Saint Boniface); Scott Simms (Bonavista—Gander—Grand Falls—Windsor); Paul Szabo (Mississauga South); Alan Tonks (York South—Weston); Tom Wappel (Scarborough Southwest); Bryon Wilfert (Richmond Hill),documented_free,"Bill C-38, An Act respecting certain aspects of legal capacity for marriage for civil purposes (report stage amendment)"
38-1,57,Liberal,14,Raymond Bonin (Nickel Belt); Bonnie Brown (Oakville); John Cannis (Scarborough Centre); Charles Hubbard (Miramichi); Marlene Jennings (Notre-Dame-de-Grâce—Lachine); Nancy Karetak-Lindell (Nunavut); Pat O'Brien (London—Fanshawe); Beth Phinney (Hamilton Mountain); Jerry Pickard (Chatham-Kent—Essex); Paul Steckle (Huron—Bruce); Paul Szabo (Mississauga South); Andrew Telegdi (Kitchener—Waterloo); Rose-Marie Ur (Lambton—Kent—Middlesex); Tom Wappel (Scarborough Southwest),unresolved,"3rd reading and adoption of Bill C-30, An Act to amend the Parliament of Canada Act and the Salaries Act and to make consequential amendments to other Acts"
38-1,30,Liberal,12,Colleen Beaumier (Brampton West); Raymond Bonin (Nickel Belt); Charles Hubbard (Miramichi); Marlene Jennings (Notre-Dame-de-Grâce—Lachine); Lynn Myers (Kitchener—Conestoga); Pat O'Brien (London—Fanshawe); Jerry Pickard (Chatham-Kent—Essex); Paul Steckle (Huron—Bruce); Paul Szabo (Mississauga South); Andrew Telegdi (Kitchener—Waterloo); Rose-Marie Ur (Lambton—Kent—Middlesex); Tom Wappel (Scarborough Southwest),unresolved,"2nd reading of Bill C-30, An Act to amend the Parliament of Canada Act and the Salaries Act and to make consequential amendments to other Acts"
38-1,50,Liberal,11,Colleen Beaumier (Brampton West); Raymond Bonin (Nickel Belt); Bonnie Brown (Oakville); John Cannis (Scarborough Centre); Charles Hubbard (Miramichi); Marlene Jennings (Notre-Dame-de-Grâce—Lachine); Pat O'Brien (London—Fanshawe); Jerry Pickard (Chatham-Kent—Essex); Paul Steckle (Huron—Bruce); Andrew Telegdi (Kitchener—Waterloo); Tom Wappel (Scarborough Southwest),unresolved,"Concurrence at report stage of Bill C-30, An Act to amend the Parliament of Canada Act and the Salaries Act and to make consequential amendments to other Acts"
38-1,148,Liberal,10,Raymond Bonin (Nickel Belt); Charles Hubbard (Miramichi); Jim Karygiannis (Scarborough—Agincourt); Walt Lastewka (St. Catharines); Lawrence MacAulay (Cardigan); Gurbax Malhi (Bramalea—Gore—Malton); John Maloney (Welland); Dan McTeague (Pickering—Scarborough East); Alan Tonks (York South—Weston); Tom Wappel (Scarborough Southwest),documented_free,"Bill C-38, An Act respecting certain aspects of legal capacity for marriage for civil purposes (report stage amendment)"
38-1,150,Liberal,9,Rodger Cuzner (Cape Breton—Canso); Jim Karygiannis (Scarborough—Agincourt); Lawrence MacAulay (Cardigan); Gurbax Malhi (Bramalea—Gore—Malton); Dan McTeague (Pickering—Scarborough East); Andy Savoy (Tobique—Mactaquac); Francis Scarpaleggia (Lac-Saint-Louis); Scott Simms (Bonavista—Gander—Grand Falls—Windsor); Tom Wappel (Scarborough Southwest),documented_free,"Bill C-38, An Act respecting certain aspects of legal capacity for marriage for civil purposes (report stage amendment)"
38-1,151,Liberal,9,Rodger Cuzner (Cape Breton—Canso); Jim Karygiannis (Scarborough—Agincourt); Lawrence MacAulay (Cardigan); Gurbax Malhi (Bramalea—Gore—Malton); Dan McTeague (Pickering—Scarborough East); Andy Savoy (Tobique—Mactaquac); Francis Scarpaleggia (Lac-Saint-Louis); Scott Simms (Bonavista—Gander—Grand Falls—Windsor); Tom Wappel (Scarborough Southwest),documented_free,"Bill C-38, An Act respecting certain aspects of legal capacity for marriage for civil purposes (report stage amendment)"
38-1,152,Liberal,9,Rodger Cuzner (Cape Breton—Canso); Jim Karygiannis (Scarborough—Agincourt); Lawrence MacAulay (Cardigan); Gurbax Malhi (Bramalea—Gore—Malton); Dan McTeague (Pickering—Scarborough East); Andy Savoy (Tobique—Mactaquac); Francis Scarpaleggia (Lac-Saint-Louis); Scott Simms (Bonavista—Gander—Grand Falls—Windsor); Tom Wappel (Scarborough Southwest),documented_free,"Bill C-38, An Act respecting certain aspects of legal capacity for marriage for civil purposes (report stage amendment)"
38-1,153,Liberal,9,Rodger Cuzner (Cape Breton—Canso); Jim Karygiannis (Scarborough—Agincourt); Lawrence MacAulay (Cardigan); Gurbax Malhi (Bramalea—Gore—Malton); Dan McTeague (Pickering—Scarborough East); Andy Savoy (Tobique—Mactaquac); Francis Scarpaleggia (Lac-Saint-Louis); Scott Simms (Bonavista—Gander—Grand Falls—Windsor); Tom Wappel (Scarborough Southwest),documented_free,"Bill C-38, An Act respecting certain aspects of legal capacity for marriage for civil purposes (report stage amendment)"
38-1,49,Liberal,7,Raymond Bonin (Nickel Belt); Bonnie Brown (Oakville); Charles Hubbard (Miramichi); Pat O'Brien (London—Fanshawe); Jerry Pickard (Chatham-Kent—Essex); Paul Steckle (Huron—Bruce); Andrew Telegdi (Kitchener—Waterloo),unresolved,"Bill C-30, An Act to amend the Parliament of Canada Act and the Salaries Act and to make consequential amendments to other Acts (report stage amendment)"
42-1,68,Liberal,7,John Aldag (Cloverdale—Langley City); René Arseneault (Madawaska—Restigouche); Nathaniel Erskine-Smith (Beaches—East York); David Lametti (LaSalle—Émard—Verdun); Alexandra Mendès (Brossard—Saint-Lambert); Robert Oliphant (Don Valley West); Adam Vaughan (Spadina—Fort York),documented_free,"Bill C-14, An Act to amend the Criminal Code and to make related amendments to other Acts (medical assistance in dying) (report stage amendment)"
38-1,9,Liberal,6,John Cannis (Scarborough Centre); Brenda Chamberlain (Guelph); Paul Steckle (Huron—Bruce); Paul Szabo (Mississauga South); Andrew Telegdi (Kitchener—Waterloo); Alan Tonks (York South—Weston),unresolved,"Bill C-17, An Act to amend the Contraventions Act and the Controlled Drugs and Substances Act and to make consequential amendments to other Acts (referral to a committee before second reading)"
42-1,102,Liberal,6,Arnold Chan (Scarborough—Agincourt); Julie Dabrusin (Toronto—Danforth); Pam Damoff (Oakville North—Burlington); Nathaniel Erskine-Smith (Beaches—East York); David Lametti (LaSalle—Émard—Verdun); Robert Oliphant (Don Valley West),unresolved,"Motion respecting Senate amendments to Bill C-14, An Act to amend the Criminal Code and to make related amendments to other Acts (medical assistance in dying) (amendment)"
42-1,950,Liberal,6,Stephen Fuhr (Kelowna—Lake Country); David de Burgh Graham (Laurentides—Labelle); Wayne Long (Saint John—Rothesay); MaryAnn Mihychuk (Kildonan—St. Paul); Robert-Falcon Ouellette (Winnipeg Centre); Arif Virani (Parkdale—High Park),category_proxy_other,"3rd reading and adoption of Bill C-89, An Act to provide for the resumption and continuation of postal services"
42-1,73,Liberal,5,John Aldag (Cloverdale—Langley City); René Arseneault (Madawaska—Restigouche); Arnold Chan (Scarborough—Agincourt); Nathaniel Erskine-Smith (Beaches—East York); Robert Oliphant (Don Valley West),documented_free,"Bill C-14, An Act to amend the Criminal Code and to make related amendments to other Acts (medical assistance in dying) (report stage amendment)"
42-1,948,Liberal,5,Stephen Fuhr (Kelowna—Lake Country); David de Burgh Graham (Laurentides—Labelle); Wayne Long (Saint John—Rothesay); MaryAnn Mihychuk (Kildonan—St. Paul); Arif Virani (Parkdale—High Park),category_proxy_other,"2nd reading of Bill C-89, An Act to provide for the resumption and continuation of postal services"
43-2,71,Liberal,5,Steven MacKinnon (Gatineau); John McKay (Scarborough—Guildwood); Ginette Petitpas Taylor (Moncton—Riverview—Dieppe); Marcus Powlowski (Thunder Bay—Rainy River); Sameer Zuberi (Pierrefonds—Dollard),category_proxy_other,"Motion respecting Senate amendments to Bill C-7, An Act to amend the Criminal Code (medical assistance in dying) (amendment)"
42-1,65,Liberal,4,René Arseneault (Madawaska—Restigouche); Nathaniel Erskine-Smith (Beaches—East York); David Lametti (LaSalle—Émard—Verdun); Robert Oliphant (Don Valley West),documented_free,"Bill C-14, An Act to amend the Criminal Code and to make related amendments to other Acts (medical assistance in dying) (report stage amendment)"
42-1,66,Liberal,4,Arnold Chan (Scarborough—Agincourt); Pam Damoff (Oakville North—Burlington); Joël Lightbound (Louis-Hébert); Filomena Tassi (Hamilton West—Ancaster—Dundas),documented_free,"Bill C-14, An Act to amend the Criminal Code and to make related amendments to other Acts (medical assistance in dying) (report stage amendment)"
42-1,67,Liberal,4,Arnold Chan (Scarborough—Agincourt); Nathaniel Erskine-Smith (Beaches—East York); Robert Oliphant (Don Valley West); Nick Whalen (St. John's East),documented_free,"Bill C-14, An Act to amend the Criminal Code and to make related amendments to other Acts (medical assistance in dying) (report stage amendment)"
42-1,74,Liberal,4,Nathaniel Erskine-Smith (Beaches—East York); Alexandra Mendès (Brossard—Saint-Lambert); Robert Oliphant (Don Valley West); Robert-Falcon Ouellette (Winnipeg Centre),documented_free,"Concurrence at report stage of Bill C-14, An Act to amend the Criminal Code and to make related amendments to other Acts (medical assistance in dying)"
42-1,76,Liberal,4,Nathaniel Erskine-Smith (Beaches—East York); David Lametti (LaSalle—Émard—Verdun); Robert Oliphant (Don Valley West); Robert-Falcon Ouellette (Winnipeg Centre),documented_free,"3rd reading and adoption of Bill C-14, An Act to amend the Criminal Code and to make related amendments to other Acts (medical assistance in dying)"
42-1,72,Liberal,3,John McKay (Scarborough—Guildwood); Robert-Falcon Ouellette (Winnipeg Centre); Judy A. Sgro (Humber River—Black Creek),documented_free,"Bill C-14, An Act to amend the Criminal Code and to make related amendments to other Acts (medical assistance in dying) (report stage amendment)"
42-1,103,Liberal,3,Nathaniel Erskine-Smith (Beaches—East York); David Lametti (LaSalle—Émard—Verdun); Robert-Falcon Ouellette (Winnipeg Centre),unresolved,"Motion respecting Senate amendments to Bill C-14, An Act to amend the Criminal Code and to make related amendments to other Acts (medical assistance in dying)"
43-2,72,Liberal,3,Steven MacKinnon (Gatineau); John McKay (Scarborough—Guildwood); Marcus Powlowski (Thunder Bay—Rainy River),category_proxy_other,"Motion respecting Senate amendments to Bill C-7, An Act to amend the Criminal Code (medical assistance in dying)"
43-2,102,Liberal,3,Nathaniel Erskine-Smith (Beaches—East York); Wayne Long (Saint John—Rothesay); Lenore Zann (Cumberland—Colchester),category_proxy_other,"2nd reading of Bill C-29, An Act to provide for the resumption and continuation of operations at the Port of Montreal"
39-2,112,Conservative,2,John Cummins (Delta—Richmond East); Art Hanger (Calgary Northeast),category_proxy_other,"2nd reading of Bill C-34, An Act to give effect to the Tsawwassen First Nation Final Agreement and to make consequential amendments to other Acts"
43-2,39,Liberal,2,Nathaniel Erskine-Smith (Beaches—East York); Marcus Powlowski (Thunder Bay—Rainy River),category_proxy_other,"3rd reading and adoption of Bill C-7, An Act to amend the Criminal Code (medical assistance in dying)"
44-1,333,Liberal,2,Brendan Hanley (Yukon); Michael McLeod (Northwest Territories),category_proxy_other,"3rd reading and adoption of Bill C-21, An Act to amend certain Acts and to make certain consequential amendments (firearms)"
45-1,92,Liberal,2,Jake Sawatzky (New Westminster—Burnaby—Maillardville); Louis Villeneuve (Brome—Missisquoi),category_proxy_other,"Bill C-9, An Act to amend the Criminal Code (hate propaganda, hate crime and access to religious or cultural places) (recommittal to a committee)"
38-1,11,Liberal,1,Andrew Telegdi (Kitchener—Waterloo),category_proxy_other,"Bill C-6, An Act to establish the Department of Public Safety and Emergency Preparedness and to amend or repeal certain Acts (report stage amendment)"
38-1,14,Liberal,1,Alan Tonks (York South—Weston),category_proxy_other,"Bill C-7, An Act to amend the Department of Canadian Heritage Act and the Parks Canada Agency Act and to make related amendments to other Acts (report stage amendment)"
38-1,171,Liberal,1,Larry Bagnell (Yukon),category_proxy_other,"3rd reading and adoption of Bill C-28, An Act to amend the Food and Drugs Act"
39-1,196,Conservative,1,Bill Casey (Cumberland—Colchester—Musquodoboit Valley),category_proxy_other,"Concurrence at report stage of Bill C-52, An Act to implement certain provisions of the budget tabled in Parliament on March 19, 2007"
42-1,44,Liberal,1,Doug Eyolfson (Charleswood—St. James—Assiniboia—Headingley),category_proxy_other,"2nd reading of Bill C-10, An Act to amend the Air Canada Public Participation Act and to provide for certain other measures"
42-1,49,Liberal,1,Robert-Falcon Ouellette (Winnipeg Centre),documented_free,"2nd reading of Bill C-14, An Act to amend the Criminal Code and to make related amendments to other Acts (medical assistance in dying)"
42-1,70,Liberal,1,Robert-Falcon Ouellette (Winnipeg Centre),documented_free,"Bill C-14, An Act to amend the Criminal Code and to make related amendments to other Acts (medical assistance in dying) (report stage amendment)"
42-1,75,Liberal,1,Nathaniel Erskine-Smith (Beaches—East York),unresolved,"Bill C-14, An Act to amend the Criminal Code and to make related amendments to other Acts (medical assistance in dying) (recommittal to a committee)"
42-1,77,Liberal,1,Doug Eyolfson (Charleswood—St. James—Assiniboia—Headingley),category_proxy_other,"3rd reading and adoption of Bill C-10, An Act to amend the Air Canada Public Participation Act and to provide for certain other measures"
42-1,343,Liberal,1,Nathaniel Erskine-Smith (Beaches—East York),category_proxy_other,"Bill S-3, An Act to amend the Indian Act (elimination of sex-based inequities in registration) (report stage amendment)"
42-1,344,Liberal,1,Nathaniel Erskine-Smith (Beaches—East York),category_proxy_other,"Bill S-3, An Act to amend the Indian Act (elimination of sex-based inequities in registration) (report stage amendment)"
42-1,733,Liberal,1,Dan Vandal (Saint Boniface—Saint Vital),category_proxy_other,"Bill C-74, An Act to implement certain provisions of the budget tabled in Parliament on February 27, 2018 and other measures (recommittal to a committee)"
42-1,933,Liberal,1,Marwan Tabbara (Kitchener South—Hespeler),category_proxy_other,"2nd reading of Bill C-85, An Act to amend the Canada-Israel Free Trade Agreement Implementation Act and to make related amendments to other Acts"
43-2,27,Liberal,1,Marcus Powlowski (Thunder Bay—Rainy River),category_proxy_other,"Concurrence at report stage of Bill C-7, An Act to amend the Criminal Code (medical assistance in dying)"
43-2,105,Liberal,1,Soraya Martinez Ferrada (Hochelaga),category_proxy_other,"2nd reading of Bill C-12, An Act respecting transparency and accountability in Canada's efforts to achieve net-zero greenhouse gas emissions by the year 2050 (reasoned amendment)"
44-1,64,Liberal,1,Leah Taylor Roy (Aurora—Oak Ridges—Richmond Hill),category_proxy_other,"Bill C-8, An Act to implement certain provisions of the economic and fiscal update tabled in Parliament on December 14, 2021 and other measures (report stage amendment)"
44-1,320,Liberal,1,Anthony Housefather (Mount Royal),category_proxy_other,"Concurrence at report stage of Bill C-13, An Act to amend the Official Languages Act, to enact the Use of French in Federally Regulated Private Businesses Act and to make related amendments to other Acts"
44-1,323,Liberal,1,Anthony Housefather (Mount Royal),category_proxy_other,"3rd reading and adoption of Bill C-13, An Act to amend the Official Languages Act, to enact the Use of French in Federally Regulated Private Businesses Act and to make related amendments to other Acts"
44-1,410,Liberal,1,Judy A. Sgro (Humber River—Black Creek),category_proxy_other,"2nd reading of Bill C-33, An Act to amend the Customs Act, the Railway Safety Act, the Transportation of Dangerous Goods Act, 1992, the Marine Transportation Security Act, the Canada Transportation Act and the Canada Marine Act and to make a consequential amendment to another Act (reasoned amendment)"
44-1,626,Liberal,1,Nathaniel Erskine-Smith (Beaches—East York),category_proxy_other,"Bill C-57, An Act to implement the 2023 Free Trade Agreement between Canada and Ukraine (recommittal to a committee)"
44-1,641,Liberal,1,Nathaniel Erskine-Smith (Beaches—East York),category_proxy_other,"2nd reading of Bill C-62, An Act to amend An Act to amend the Criminal Code (medical assistance in dying), No. 2"
44-1,646,Liberal,1,Nathaniel Erskine-Smith (Beaches—East York),category_proxy_other,"3rd reading and adoption of Bill C-62, An Act to amend An Act to amend the Criminal Code (medical assistance in dying), No. 2"
45-1,23,Liberal,1,Nathaniel Erskine-Smith (Beaches—East York),category_proxy_other,"Bill C-5, An Act to enact the Free Trade and Labour Mobility in Canada Act and the Building Canada Act (report stage amendment) (Motion 1)"
45-1,31,Liberal,1,Nathaniel Erskine-Smith (Beaches—East York),category_proxy_other,"Bill C-5, An Act to enact the Free Trade and Labour Mobility in Canada Act and the Building Canada Act (report stage amendment) (Motion 19)"
45-1,32,Liberal,1,Nathaniel Erskine-Smith (Beaches—East York),category_proxy_other,"Concurrence at report stage of Bill C-5, An Act to enact the Free Trade and Labour Mobility in Canada Act and the Building Canada Act"
45-1,34,Liberal,1,Nathaniel Erskine-Smith (Beaches—East York),category_proxy_other,"3rd reading and adoption of Bill C-5, An Act to enact the Free Trade and Labour Mobility in Canada Act and the Building Canada Act (Part 2)"
