session,division,bill,before_category,after_category,before_source,after_source
45-1,173,C-30,government_bill,government_bill,number_inference,legisinfo
45-1,172,C-22,government_motion,government_motion,number_inference,legisinfo
45-1,171,C-22,government_motion,government_motion,number_inference,legisinfo
45-1,170,C-267,private_members_business,private_members_business,number_inference,legisinfo
45-1,169,C-26,government_bill,government_bill,number_inference,legisinfo
45-1,168,C-9,government_bill,government_bill,number_inference,legisinfo
45-1,167,C-9,government_bill,government_bill,number_inference,legisinfo
45-1,166,C-26,government_motion,government_motion,number_inference,legisinfo
45-1,165,C-26,government_motion,government_motion,number_inference,legisinfo
45-1,164,,procedural,procedural,unknown,unknown
45-1,163,,procedural,procedural,unknown,unknown
45-1,162,,procedural,procedural,unknown,unknown
45-1,161,C-9,procedural,procedural,number_inference,legisinfo
45-1,160,C-30,government_motion,government_motion,number_inference,legisinfo
45-1,159,C-30,government_motion,government_motion,number_inference,legisinfo
45-1,158,C-30,government_motion,government_motion,number_inference,legisinfo
45-1,157,,procedural,procedural,unknown,unknown
45-1,156,,procedural,procedural,unknown,unknown
45-1,155,C-14,procedural,procedural,number_inference,legisinfo
45-1,154,C-25,procedural,procedural,number_inference,legisinfo
45-1,153,C-16,government_bill,government_bill,number_inference,legisinfo
45-1,152,,procedural,procedural,unknown,unknown
45-1,151,C-25,government_bill,government_bill,number_inference,legisinfo
45-1,150,,procedural,procedural,unknown,unknown
45-1,149,,procedural,procedural,unknown,unknown
45-1,148,,procedural,procedural,unknown,unknown
45-1,147,C-232,private_members_business,private_members_business,number_inference,legisinfo
45-1,146,C-20,government_bill,government_bill,number_inference,legisinfo
45-1,145,,committee_report,committee_report,unknown,unknown
45-1,144,,procedural,procedural,unknown,unknown
45-1,143,,procedural,procedural,unknown,unknown
45-1,142,C-20,procedural,procedural,number_inference,legisinfo
45-1,141,,procedural,procedural,unknown,unknown
45-1,140,C-33,supply,supply,number_inference,legisinfo
45-1,139,,supply,supply,unknown,unknown
45-1,138,,opposition_motion,opposition_motion,unknown,unknown
45-1,137,C-16,government_bill,government_bill,number_inference,legisinfo
45-1,136,C-16,government_bill,government_bill,number_inference,legisinfo
45-1,135,C-16,government_bill,government_bill,number_inference,legisinfo
45-1,134,C-16,procedural,procedural,number_inference,legisinfo
45-1,133,C-31,government_bill,government_bill,number_inference,legisinfo
45-1,132,C-31,government_bill,government_bill,number_inference,legisinfo
45-1,131,C-31,government_bill,government_bill,number_inference,legisinfo
45-1,130,,opposition_motion,opposition_motion,unknown,unknown
45-1,129,,opposition_motion,opposition_motion,unknown,unknown
45-1,128,C-31,procedural,procedural,number_inference,legisinfo
45-1,127,S-233,private_members_business,private_members_business,number_inference,legisinfo
45-1,126,,opposition_motion,opposition_motion,unknown,unknown
45-1,125,C-30,government_bill,government_bill,number_inference,legisinfo
45-1,124,C-30,government_bill,government_bill,number_inference,legisinfo
45-1,123,C-11,government_bill,government_bill,number_inference,legisinfo
45-1,122,C-11,government_bill,government_bill,number_inference,legisinfo
45-1,121,,opposition_motion,opposition_motion,unknown,unknown
45-1,120,C-30,procedural,procedural,number_inference,legisinfo
45-1,119,,supply,supply,unknown,unknown
45-1,118,,opposition_motion,opposition_motion,unknown,unknown
45-1,117,C-11,government_bill,government_bill,number_inference,legisinfo
45-1,116,C-11,government_bill,government_bill,number_inference,legisinfo
45-1,115,C-11,government_bill,government_bill,number_inference,legisinfo
45-1,114,C-11,government_bill,government_bill,number_inference,legisinfo
45-1,113,C-11,government_bill,government_bill,number_inference,legisinfo
45-1,112,C-11,government_bill,government_bill,number_inference,legisinfo
45-1,111,C-11,government_bill,government_bill,number_inference,legisinfo
45-1,110,C-11,government_bill,government_bill,number_inference,legisinfo
45-1,109,,opposition_motion,opposition_motion,unknown,unknown
45-1,108,C-11,procedural,procedural,number_inference,legisinfo
45-1,107,,supply,supply,unknown,unknown
45-1,106,,government_motion,government_motion,unknown,unknown
45-1,105,,government_motion,government_motion,unknown,unknown
45-1,104,,procedural,procedural,unknown,unknown
45-1,103,,private_members_business,private_members_business,unknown,unknown
45-1,102,C-226,private_members_business,private_members_business,number_inference,legisinfo
45-1,101,C-238,private_members_business,private_members_business,number_inference,legisinfo
45-1,100,S-211,private_members_business,private_members_business,number_inference,legisinfo
45-1,99,,committee_report,committee_report,unknown,unknown
45-1,98,,appointment,appointment,unknown,unknown
45-1,97,,private_members_business,private_members_business,unknown,unknown
45-1,96,C-231,private_members_business,private_members_business,number_inference,legisinfo
45-1,95,,opposition_motion,opposition_motion,unknown,unknown
45-1,94,,committee_report,committee_report,unknown,unknown
45-1,93,C-9,government_bill,government_bill,number_inference,legisinfo
45-1,92,C-9,government_bill,government_bill,number_inference,legisinfo
45-1,91,C-242,private_members_business,private_members_business,number_inference,legisinfo
45-1,90,C-243,private_members_business,private_members_business,number_inference,legisinfo
45-1,89,C-220,private_members_business,private_members_business,number_inference,legisinfo
45-1,88,C-246,private_members_business,private_members_business,number_inference,legisinfo
45-1,87,,opposition_motion,opposition_motion,unknown,unknown
45-1,86,C-9,government_bill,government_bill,number_inference,legisinfo
45-1,85,C-233,private_members_business,private_members_business,number_inference,legisinfo
45-1,84,C-9,government_motion,government_motion,number_inference,legisinfo
45-1,83,,procedural,procedural,unknown,unknown
45-1,82,C-15,government_bill,government_bill,number_inference,legisinfo
45-1,81,C-15,government_bill,government_bill,number_inference,legisinfo
45-1,80,C-15,government_bill,government_bill,number_inference,legisinfo
45-1,79,C-15,government_bill,government_bill,number_inference,legisinfo
45-1,78,C-15,government_bill,government_bill,number_inference,legisinfo
45-1,77,C-15,government_bill,government_bill,number_inference,legisinfo
45-1,76,C-15,government_bill,government_bill,number_inference,legisinfo
45-1,75,C-15,government_bill,government_bill,number_inference,legisinfo
45-1,74,C-237,private_members_business,private_members_business,number_inference,legisinfo
45-1,73,C-244,private_members_business,private_members_business,number_inference,legisinfo
45-1,72,,opposition_motion,opposition_motion,unknown,unknown
45-1,71,,opposition_motion,opposition_motion,unknown,unknown
45-1,70,,opposition_motion,opposition_motion,unknown,unknown
45-1,69,S-210,private_members_business,private_members_business,number_inference,legisinfo
45-1,68,C-227,private_members_business,private_members_business,number_inference,legisinfo
45-1,67,,opposition_motion,opposition_motion,unknown,unknown
45-1,66,,opposition_motion,opposition_motion,unknown,unknown
45-1,65,C-245,private_members_business,private_members_business,number_inference,legisinfo
45-1,64,C-222,private_members_business,private_members_business,number_inference,legisinfo
45-1,63,,opposition_motion,opposition_motion,unknown,unknown
45-1,62,C-18,government_bill,government_bill,number_inference,legisinfo
45-1,61,C-228,private_members_business,private_members_business,number_inference,legisinfo
45-1,60,,opposition_motion,opposition_motion,unknown,unknown
45-1,59,C-12,government_bill,government_bill,number_inference,legisinfo
45-1,58,C-12,government_bill,government_bill,number_inference,legisinfo
45-1,57,C-12,government_bill,government_bill,number_inference,legisinfo
45-1,56,C-12,government_bill,government_bill,number_inference,legisinfo
45-1,55,,opposition_motion,opposition_motion,unknown,unknown
45-1,54,,opposition_motion,opposition_motion,unknown,unknown
45-1,53,C-15,government_bill,government_bill,number_inference,legisinfo
45-1,52,C-241,private_members_business,private_members_business,number_inference,legisinfo
45-1,51,C-225,private_members_business,private_members_business,number_inference,legisinfo
45-1,50,,supply,supply,unknown,unknown
45-1,49,,supply,supply,unknown,unknown
45-1,48,,supply,supply,unknown,unknown
45-1,47,C-3,government_bill,government_bill,number_inference,legisinfo
45-1,46,,committee_report,committee_report,unknown,unknown
45-1,45,C-3,government_bill,government_bill,number_inference,legisinfo
45-1,44,C-3,government_bill,government_bill,number_inference,legisinfo
45-1,43,,committee_report,committee_report,unknown,unknown
45-1,42,,committee_report,committee_report,unknown,unknown
45-1,41,,opposition_motion,opposition_motion,unknown,unknown
45-1,40,C-242,opposition_motion,opposition_motion,number_inference,legisinfo
45-1,39,,opposition_motion,opposition_motion,unknown,unknown
45-1,38,,opposition_motion,opposition_motion,unknown,unknown
45-1,37,,opposition_motion,opposition_motion,unknown,unknown
45-1,36,C-3,government_bill,government_bill,number_inference,legisinfo
45-1,35,,opposition_motion,opposition_motion,unknown,unknown
45-1,34,C-5,government_bill,government_bill,number_inference,legisinfo
45-1,33,C-5,government_bill,government_bill,number_inference,legisinfo
45-1,32,C-5,government_bill,government_bill,number_inference,legisinfo
45-1,31,C-5,government_bill,government_bill,number_inference,legisinfo
45-1,30,C-5,government_bill,government_bill,number_inference,legisinfo
45-1,29,C-5,government_bill,government_bill,number_inference,legisinfo
45-1,28,C-5,government_bill,government_bill,number_inference,legisinfo
45-1,27,C-5,government_bill,government_bill,number_inference,legisinfo
45-1,26,C-5,government_bill,government_bill,number_inference,legisinfo
45-1,25,C-5,government_bill,government_bill,number_inference,legisinfo
45-1,24,C-5,government_bill,government_bill,number_inference,legisinfo
45-1,23,C-5,government_bill,government_bill,number_inference,legisinfo
45-1,22,C-7,supply,supply,number_inference,legisinfo
45-1,21,C-7,supply,supply,number_inference,legisinfo
45-1,20,C-7,supply,supply,number_inference,legisinfo
45-1,19,,supply,supply,unknown,unknown
45-1,18,C-6,supply,supply,number_inference,legisinfo
45-1,17,C-6,supply,supply,number_inference,legisinfo
45-1,16,C-6,supply,supply,number_inference,legisinfo
45-1,15,,supply,supply,unknown,unknown
45-1,14,,opposition_motion,opposition_motion,unknown,unknown
45-1,13,C-5,government_bill,government_bill,number_inference,legisinfo
45-1,12,C-5,government_motion,government_motion,number_inference,legisinfo
45-1,11,C-5,government_motion,government_motion,number_inference,legisinfo
45-1,10,,opposition_motion,opposition_motion,unknown,unknown
45-1,9,,procedural,procedural,unknown,unknown
45-1,8,C-4,government_bill,government_bill,number_inference,legisinfo
45-1,7,,opposition_motion,opposition_motion,unknown,unknown
45-1,6,,opposition_motion,opposition_motion,unknown,unknown
45-1,5,,opposition_motion,opposition_motion,unknown,unknown
45-1,4,,supply,supply,unknown,unknown
45-1,3,,throne_speech,throne_speech,unknown,unknown
45-1,2,,throne_speech,throne_speech,unknown,unknown
45-1,1,,throne_speech,throne_speech,unknown,unknown
